name,url,source,feed_type,keyword,location,country,job_domain,work_type,seniority
WeWorkRemotely - All Jobs,https://weworkremotely.com/remote-jobs.rss,WeWorkRemotely,category_rss,,,Unknown,General,Mixed,Any
WeWorkRemotely - Programming,https://weworkremotely.com/categories/remote-programming-jobs.rss,WeWorkRemotely,category_rss,,,Unknown,General,Mixed,Any
WeWorkRemotely - Design,https://weworkremotely.com/categories/remote-design-jobs.rss,WeWorkRemotely,category_rss,,,Unknown,General,Mixed,Any
WeWorkRemotely - DevOps,https://weworkremotely.com/categories/remote-devops-sysadmin-jobs.rss,WeWorkRemotely,category_rss,,,Unknown,General,Mixed,Any
WeWorkRemotely - Customer Support,https://weworkremotely.com/categories/remote-customer-support-jobs.rss,WeWorkRemotely,category_rss,,,Unknown,General,Mixed,Any
WeWorkRemotely - Sales & Marketing,https://weworkremotely.com/categories/remote-sales-and-marketing-jobs.rss,WeWorkRemotely,category_rss,,,Unknown,General,Mixed,Any
WeWorkRemotely - Management & Finance,https://weworkremotely.com/categories/remote-management-and-finance-jobs.rss,WeWorkRemotely,category_rss,,,Unknown,General,Mixed,Any
Remotive,https://remotive.com/feed,Remotive,platform_rss,,,Unknown,General,Mixed,Any
RemoteOK,https://remoteok.com/remote-jobs.rss,RemoteOK,platform_rss,,,Unknown,General,Mixed,Any
Working Nomads,https://www.workingnomads.com/jobs/rss,Other,rss,,,Unknown,General,Mixed,Any
Wellfound (AngelList),https://wellfound.com/jobs.rss,Other,rss,,,Unknown,General,Mixed,Any
Jobspresso,https://jobspresso.co/feed/,Other,rss,,,Unknown,General,Mixed,Any
Remoters,https://remoters.net/feed/,Other,rss,,,Unknown,General,Mixed,Any
Europe Remotely,https://europeremotely.com/feed/,Other,rss,,,Unknown,General,Mixed,Any
Remote.co,https://remote.co/remote-jobs/feed/,Other,rss,,,Unknown,General,Mixed,Any
NoDesk,https://nodesk.co/remote-jobs/feed/,Other,rss,,,Unknown,General,Mixed,Any
JustRemote,https://justremote.co/feed/,Other,rss,,,Unknown,General,Mixed,Any
Himalayas,https://himalayas.app/jobs/rss,Other,rss,,,Unknown,General,Mixed,Any
FlexJobs,https://www.flexjobs.com/jobs/rss,Other,rss,,,Unknown,General,Mixed,Any
StackOverflow Jobs,https://stackoverflow.com/jobs/feed,Other,rss,,,Unknown,General,Mixed,Any
Indeed - Python Remote,https://www.indeed.com/jobs?q=python&l=remote&format=rss,Indeed,search_rss,python,remote,Global,Backend,Remote,Any
Indeed - Backend Remote,https://www.indeed.com/jobs?q=backend&l=remote&format=rss,Indeed,search_rss,backend,remote,Global,Backend,Remote,Any
Indeed - Django Remote,https://www.indeed.com/jobs?q=django&l=remote&format=rss,Indeed,search_rss,django,remote,Global,Backend,Remote,Any
Indeed - FastAPI Remote,https://www.indeed.com/jobs?q=fastapi&l=remote&format=rss,Indeed,search_rss,fastapi,remote,Global,Backend,Remote,Any
Reddit - RemoteJobs,https://www.reddit.com/r/remotejobs/.rss,Reddit,subreddit_rss,,,Unknown,General,Mixed,Any
Reddit - ForHire,https://www.reddit.com/r/forhire/.rss,Reddit,subreddit_rss,,,Unknown,General,Mixed,Any
Reddit - PythonJobs,https://www.reddit.com/r/pythonjobs/.rss,Reddit,subreddit_rss,,,Unknown,General,Mixed,Any
Reddit - Jobbit,https://www.reddit.com/r/jobbit/.rss,Reddit,subreddit_rss,,,Unknown,General,Mixed,Any
Authentic Jobs,https://authenticjobs.com/rss/,Other,rss,,,Unknown,General,Mixed,Any
Dribbble Jobs,https://dribbble.com/jobs.rss,Other,rss,,,Unknown,General,Mixed,Any
Smashing Magazine Jobs,https://www.smashingmagazine.com/jobs/feed/,Other,rss,,,Unknown,General,Mixed,Any
Laravel Jobs,https://larajobs.com/feed,Other,rss,,,Unknown,General,Mixed,Any
Python.org Jobs,https://www.python.org/jobs/feed/rss/,Other,rss,,,Unknown,General,Mixed,Any
JavaScript Jobs,https://javascript.jobs/rss,Other,rss,,,Unknown,General,Mixed,Any
Golang Projects Jobs,https://www.golangprojects.com/rss,Other,rss,,,Unknown,General,Mixed,Any
Vue Jobs,https://vuejobs.com/feed,Other,rss,,,Unknown,General,Mixed,Any
React Jobs Board,https://reactjobsboard.com/feed/,Other,rss,,,Unknown,General,Mixed,Any
Startup Jobs,https://startup.jobs/feed/,Other,rss,,,Unknown,General,Mixed,Any
HN Hiring Feed,https://hnhiring.com/feed.xml,Other,rss,,,Unknown,General,Mixed,Any
Hacker News RSS,https://news.ycombinator.com/rss,Other,rss,,,Unknown,General,Mixed,Any
Jobicy,https://jobicy.com/feed,Other,rss,,,Unknown,General,Mixed,Any
Remote.io,https://www.remote.io/feed/,Other,rss,,,Unknown,General,Mixed,Any
PowerToFly,https://powertofly.com/jobs/feed/,Other,rss,,,Unknown,General,Mixed,Any
Outsourcely,https://www.outsourcely.com/remote-jobs.rss,Other,rss,,,Unknown,General,Mixed,Any
SkipTheDrive,https://www.skipthedrive.com/feed/,Other,rss,,,Unknown,General,Mixed,Any
Virtual Vocations,https://www.virtualvocations.com/jobs/rss,Other,rss,,,Unknown,General,Mixed,Any
Indeed - Python in Remote,https://www.indeed.com/jobs?q=python&l=remote&format=rss,Indeed,search_rss,python,remote,Global,Backend,Remote,Any
Indeed - Python in India,https://www.indeed.com/jobs?q=python&l=india&format=rss,Indeed,search_rss,python,india,India,Backend,Onsite/Hybrid,Any
Indeed - Python in Bangalore,https://www.indeed.com/jobs?q=python&l=bangalore&format=rss,Indeed,search_rss,python,bangalore,India,Backend,Onsite/Hybrid,Any
Indeed - Python in Hyderabad,https://www.indeed.com/jobs?q=python&l=hyderabad&format=rss,Indeed,search_rss,python,hyderabad,India,Backend,Onsite/Hybrid,Any
Indeed - Python in Pune,https://www.indeed.com/jobs?q=python&l=pune&format=rss,Indeed,search_rss,python,pune,India,Backend,Onsite/Hybrid,Any
Indeed - Python in Delhi,https://www.indeed.com/jobs?q=python&l=delhi&format=rss,Indeed,search_rss,python,delhi,India,Backend,Onsite/Hybrid,Any
Indeed - Python in Noida,https://www.indeed.com/jobs?q=python&l=noida&format=rss,Indeed,search_rss,python,noida,India,Backend,Onsite/Hybrid,Any
Indeed - Python in Gurgaon,https://www.indeed.com/jobs?q=python&l=gurgaon&format=rss,Indeed,search_rss,python,gurgaon,India,Backend,Onsite/Hybrid,Any
Indeed - Python in Mumbai,https://www.indeed.com/jobs?q=python&l=mumbai&format=rss,Indeed,search_rss,python,mumbai,India,Backend,Onsite/Hybrid,Any
Indeed - Python in Chennai,https://www.indeed.com/jobs?q=python&l=chennai&format=rss,Indeed,search_rss,python,chennai,India,Backend,Onsite/Hybrid,Any
Indeed - Python in Kolkata,https://www.indeed.com/jobs?q=python&l=kolkata&format=rss,Indeed,search_rss,python,kolkata,India,Backend,Onsite/Hybrid,Any
Indeed - Python in Ahmedabad,https://www.indeed.com/jobs?q=python&l=ahmedabad&format=rss,Indeed,search_rss,python,ahmedabad,India,Backend,Onsite/Hybrid,Any
Indeed - Python in Kochi,https://www.indeed.com/jobs?q=python&l=kochi&format=rss,Indeed,search_rss,python,kochi,India,Backend,Onsite/Hybrid,Any
Indeed - Python in Trivandrum,https://www.indeed.com/jobs?q=python&l=trivandrum&format=rss,Indeed,search_rss,python,trivandrum,India,Backend,Onsite/Hybrid,Any
Indeed - Python in Usa,https://www.indeed.com/jobs?q=python&l=usa&format=rss,Indeed,search_rss,python,usa,USA,Backend,Onsite/Hybrid,Any
Indeed - Python in Canada,https://www.indeed.com/jobs?q=python&l=canada&format=rss,Indeed,search_rss,python,canada,Unknown,Backend,Onsite/Hybrid,Any
Indeed - Python in Uk,https://www.indeed.com/jobs?q=python&l=uk&format=rss,Indeed,search_rss,python,uk,UK,Backend,Onsite/Hybrid,Any
Indeed - Python in Germany,https://www.indeed.com/jobs?q=python&l=germany&format=rss,Indeed,search_rss,python,germany,Europe,Backend,Onsite/Hybrid,Any
Indeed - Python in Netherlands,https://www.indeed.com/jobs?q=python&l=netherlands&format=rss,Indeed,search_rss,python,netherlands,Europe,Backend,Onsite/Hybrid,Any
Indeed - Python in Poland,https://www.indeed.com/jobs?q=python&l=poland&format=rss,Indeed,search_rss,python,poland,Europe,Backend,Onsite/Hybrid,Any
Indeed - Python in Europe,https://www.indeed.com/jobs?q=python&l=europe&format=rss,Indeed,search_rss,python,europe,Europe,Backend,Onsite/Hybrid,Any
Indeed - Python in Singapore,https://www.indeed.com/jobs?q=python&l=singapore&format=rss,Indeed,search_rss,python,singapore,Unknown,Backend,Onsite/Hybrid,Any
Indeed - Django in Remote,https://www.indeed.com/jobs?q=django&l=remote&format=rss,Indeed,search_rss,django,remote,Global,Backend,Remote,Any
Indeed - Django in India,https://www.indeed.com/jobs?q=django&l=india&format=rss,Indeed,search_rss,django,india,India,Backend,Onsite/Hybrid,Any
Indeed - Django in Bangalore,https://www.indeed.com/jobs?q=django&l=bangalore&format=rss,Indeed,search_rss,django,bangalore,India,Backend,Onsite/Hybrid,Any
Indeed - Django in Hyderabad,https://www.indeed.com/jobs?q=django&l=hyderabad&format=rss,Indeed,search_rss,django,hyderabad,India,Backend,Onsite/Hybrid,Any
Indeed - Django in Pune,https://www.indeed.com/jobs?q=django&l=pune&format=rss,Indeed,search_rss,django,pune,India,Backend,Onsite/Hybrid,Any
Indeed - Django in Delhi,https://www.indeed.com/jobs?q=django&l=delhi&format=rss,Indeed,search_rss,django,delhi,India,Backend,Onsite/Hybrid,Any
Indeed - Django in Noida,https://www.indeed.com/jobs?q=django&l=noida&format=rss,Indeed,search_rss,django,noida,India,Backend,Onsite/Hybrid,Any
Indeed - Django in Gurgaon,https://www.indeed.com/jobs?q=django&l=gurgaon&format=rss,Indeed,search_rss,django,gurgaon,India,Backend,Onsite/Hybrid,Any
Indeed - Django in Mumbai,https://www.indeed.com/jobs?q=django&l=mumbai&format=rss,Indeed,search_rss,django,mumbai,India,Backend,Onsite/Hybrid,Any
Indeed - Django in Chennai,https://www.indeed.com/jobs?q=django&l=chennai&format=rss,Indeed,search_rss,django,chennai,India,Backend,Onsite/Hybrid,Any
Indeed - Django in Kolkata,https://www.indeed.com/jobs?q=django&l=kolkata&format=rss,Indeed,search_rss,django,kolkata,India,Backend,Onsite/Hybrid,Any
Indeed - Django in Ahmedabad,https://www.indeed.com/jobs?q=django&l=ahmedabad&format=rss,Indeed,search_rss,django,ahmedabad,India,Backend,Onsite/Hybrid,Any
Indeed - Django in Kochi,https://www.indeed.com/jobs?q=django&l=kochi&format=rss,Indeed,search_rss,django,kochi,India,Backend,Onsite/Hybrid,Any
Indeed - Django in Trivandrum,https://www.indeed.com/jobs?q=django&l=trivandrum&format=rss,Indeed,search_rss,django,trivandrum,India,Backend,Onsite/Hybrid,Any
Indeed - Django in Usa,https://www.indeed.com/jobs?q=django&l=usa&format=rss,Indeed,search_rss,django,usa,USA,Backend,Onsite/Hybrid,Any
Indeed - Django in Canada,https://www.indeed.com/jobs?q=django&l=canada&format=rss,Indeed,search_rss,django,canada,Unknown,Backend,Onsite/Hybrid,Any
Indeed - Django in Uk,https://www.indeed.com/jobs?q=django&l=uk&format=rss,Indeed,search_rss,django,uk,UK,Backend,Onsite/Hybrid,Any
Indeed - Django in Germany,https://www.indeed.com/jobs?q=django&l=germany&format=rss,Indeed,search_rss,django,germany,Europe,Backend,Onsite/Hybrid,Any
Indeed - Django in Netherlands,https://www.indeed.com/jobs?q=django&l=netherlands&format=rss,Indeed,search_rss,django,netherlands,Europe,Backend,Onsite/Hybrid,Any
Indeed - Django in Poland,https://www.indeed.com/jobs?q=django&l=poland&format=rss,Indeed,search_rss,django,poland,Europe,Backend,Onsite/Hybrid,Any
Indeed - Django in Europe,https://www.indeed.com/jobs?q=django&l=europe&format=rss,Indeed,search_rss,django,europe,Europe,Backend,Onsite/Hybrid,Any
Indeed - Django in Singapore,https://www.indeed.com/jobs?q=django&l=singapore&format=rss,Indeed,search_rss,django,singapore,Unknown,Backend,Onsite/Hybrid,Any
Indeed - Fastapi in Remote,https://www.indeed.com/jobs?q=fastapi&l=remote&format=rss,Indeed,search_rss,fastapi,remote,Global,Backend,Remote,Any
Indeed - Fastapi in India,https://www.indeed.com/jobs?q=fastapi&l=india&format=rss,Indeed,search_rss,fastapi,india,India,Backend,Onsite/Hybrid,Any
Indeed - Fastapi in Bangalore,https://www.indeed.com/jobs?q=fastapi&l=bangalore&format=rss,Indeed,search_rss,fastapi,bangalore,India,Backend,Onsite/Hybrid,Any
Indeed - Fastapi in Hyderabad,https://www.indeed.com/jobs?q=fastapi&l=hyderabad&format=rss,Indeed,search_rss,fastapi,hyderabad,India,Backend,Onsite/Hybrid,Any
Indeed - Fastapi in Pune,https://www.indeed.com/jobs?q=fastapi&l=pune&format=rss,Indeed,search_rss,fastapi,pune,India,Backend,Onsite/Hybrid,Any
Indeed - Fastapi in Delhi,https://www.indeed.com/jobs?q=fastapi&l=delhi&format=rss,Indeed,search_rss,fastapi,delhi,India,Backend,Onsite/Hybrid,Any
Indeed - Fastapi in Noida,https://www.indeed.com/jobs?q=fastapi&l=noida&format=rss,Indeed,search_rss,fastapi,noida,India,Backend,Onsite/Hybrid,Any
Indeed - Fastapi in Gurgaon,https://www.indeed.com/jobs?q=fastapi&l=gurgaon&format=rss,Indeed,search_rss,fastapi,gurgaon,India,Backend,Onsite/Hybrid,Any
Indeed - Fastapi in Mumbai,https://www.indeed.com/jobs?q=fastapi&l=mumbai&format=rss,Indeed,search_rss,fastapi,mumbai,India,Backend,Onsite/Hybrid,Any
Indeed - Fastapi in Chennai,https://www.indeed.com/jobs?q=fastapi&l=chennai&format=rss,Indeed,search_rss,fastapi,chennai,India,Backend,Onsite/Hybrid,Any
Indeed - Fastapi in Kolkata,https://www.indeed.com/jobs?q=fastapi&l=kolkata&format=rss,Indeed,search_rss,fastapi,kolkata,India,Backend,Onsite/Hybrid,Any
Indeed - Fastapi in Ahmedabad,https://www.indeed.com/jobs?q=fastapi&l=ahmedabad&format=rss,Indeed,search_rss,fastapi,ahmedabad,India,Backend,Onsite/Hybrid,Any
Indeed - Fastapi in Kochi,https://www.indeed.com/jobs?q=fastapi&l=kochi&format=rss,Indeed,search_rss,fastapi,kochi,India,Backend,Onsite/Hybrid,Any
Indeed - Fastapi in Trivandrum,https://www.indeed.com/jobs?q=fastapi&l=trivandrum&format=rss,Indeed,search_rss,fastapi,trivandrum,India,Backend,Onsite/Hybrid,Any
Indeed - Fastapi in Usa,https://www.indeed.com/jobs?q=fastapi&l=usa&format=rss,Indeed,search_rss,fastapi,usa,USA,Backend,Onsite/Hybrid,Any
Indeed - Fastapi in Canada,https://www.indeed.com/jobs?q=fastapi&l=canada&format=rss,Indeed,search_rss,fastapi,canada,Unknown,Backend,Onsite/Hybrid,Any
Indeed - Fastapi in Uk,https://www.indeed.com/jobs?q=fastapi&l=uk&format=rss,Indeed,search_rss,fastapi,uk,UK,Backend,Onsite/Hybrid,Any
Indeed - Fastapi in Germany,https://www.indeed.com/jobs?q=fastapi&l=germany&format=rss,Indeed,search_rss,fastapi,germany,Europe,Backend,Onsite/Hybrid,Any
Indeed - Fastapi in Netherlands,https://www.indeed.com/jobs?q=fastapi&l=netherlands&format=rss,Indeed,search_rss,fastapi,netherlands,Europe,Backend,Onsite/Hybrid,Any
Indeed - Fastapi in Poland,https://www.indeed.com/jobs?q=fastapi&l=poland&format=rss,Indeed,search_rss,fastapi,poland,Europe,Backend,Onsite/Hybrid,Any
Indeed - Fastapi in Europe,https://www.indeed.com/jobs?q=fastapi&l=europe&format=rss,Indeed,search_rss,fastapi,europe,Europe,Backend,Onsite/Hybrid,Any
Indeed - Fastapi in Singapore,https://www.indeed.com/jobs?q=fastapi&l=singapore&format=rss,Indeed,search_rss,fastapi,singapore,Unknown,Backend,Onsite/Hybrid,Any
Indeed - Flask in Remote,https://www.indeed.com/jobs?q=flask&l=remote&format=rss,Indeed,search_rss,flask,remote,Global,Backend,Remote,Any
Indeed - Flask in India,https://www.indeed.com/jobs?q=flask&l=india&format=rss,Indeed,search_rss,flask,india,India,Backend,Onsite/Hybrid,Any
Indeed - Flask in Bangalore,https://www.indeed.com/jobs?q=flask&l=bangalore&format=rss,Indeed,search_rss,flask,bangalore,India,Backend,Onsite/Hybrid,Any
Indeed - Flask in Hyderabad,https://www.indeed.com/jobs?q=flask&l=hyderabad&format=rss,Indeed,search_rss,flask,hyderabad,India,Backend,Onsite/Hybrid,Any
Indeed - Flask in Pune,https://www.indeed.com/jobs?q=flask&l=pune&format=rss,Indeed,search_rss,flask,pune,India,Backend,Onsite/Hybrid,Any
Indeed - Flask in Delhi,https://www.indeed.com/jobs?q=flask&l=delhi&format=rss,Indeed,search_rss,flask,delhi,India,Backend,Onsite/Hybrid,Any
Indeed - Flask in Noida,https://www.indeed.com/jobs?q=flask&l=noida&format=rss,Indeed,search_rss,flask,noida,India,Backend,Onsite/Hybrid,Any
Indeed - Flask in Gurgaon,https://www.indeed.com/jobs?q=flask&l=gurgaon&format=rss,Indeed,search_rss,flask,gurgaon,India,Backend,Onsite/Hybrid,Any
Indeed - Flask in Mumbai,https://www.indeed.com/jobs?q=flask&l=mumbai&format=rss,Indeed,search_rss,flask,mumbai,India,Backend,Onsite/Hybrid,Any
Indeed - Flask in Chennai,https://www.indeed.com/jobs?q=flask&l=chennai&format=rss,Indeed,search_rss,flask,chennai,India,Backend,Onsite/Hybrid,Any
Indeed - Flask in Kolkata,https://www.indeed.com/jobs?q=flask&l=kolkata&format=rss,Indeed,search_rss,flask,kolkata,India,Backend,Onsite/Hybrid,Any
Indeed - Flask in Ahmedabad,https://www.indeed.com/jobs?q=flask&l=ahmedabad&format=rss,Indeed,search_rss,flask,ahmedabad,India,Backend,Onsite/Hybrid,Any
Indeed - Flask in Kochi,https://www.indeed.com/jobs?q=flask&l=kochi&format=rss,Indeed,search_rss,flask,kochi,India,Backend,Onsite/Hybrid,Any
Indeed - Flask in Trivandrum,https://www.indeed.com/jobs?q=flask&l=trivandrum&format=rss,Indeed,search_rss,flask,trivandrum,India,Backend,Onsite/Hybrid,Any
Indeed - Flask in Usa,https://www.indeed.com/jobs?q=flask&l=usa&format=rss,Indeed,search_rss,flask,usa,USA,Backend,Onsite/Hybrid,Any
Indeed - Flask in Canada,https://www.indeed.com/jobs?q=flask&l=canada&format=rss,Indeed,search_rss,flask,canada,Unknown,Backend,Onsite/Hybrid,Any
Indeed - Flask in Uk,https://www.indeed.com/jobs?q=flask&l=uk&format=rss,Indeed,search_rss,flask,uk,UK,Backend,Onsite/Hybrid,Any
Indeed - Flask in Germany,https://www.indeed.com/jobs?q=flask&l=germany&format=rss,Indeed,search_rss,flask,germany,Europe,Backend,Onsite/Hybrid,Any
Indeed - Flask in Netherlands,https://www.indeed.com/jobs?q=flask&l=netherlands&format=rss,Indeed,search_rss,flask,netherlands,Europe,Backend,Onsite/Hybrid,Any
Indeed - Flask in Poland,https://www.indeed.com/jobs?q=flask&l=poland&format=rss,Indeed,search_rss,flask,poland,Europe,Backend,Onsite/Hybrid,Any
Indeed - Flask in Europe,https://www.indeed.com/jobs?q=flask&l=europe&format=rss,Indeed,search_rss,flask,europe,Europe,Backend,Onsite/Hybrid,Any
Indeed - Flask in Singapore,https://www.indeed.com/jobs?q=flask&l=singapore&format=rss,Indeed,search_rss,flask,singapore,Unknown,Backend,Onsite/Hybrid,Any
Indeed - Backend in Remote,https://www.indeed.com/jobs?q=backend&l=remote&format=rss,Indeed,search_rss,backend,remote,Global,Backend,Remote,Any
Indeed - Backend in India,https://www.indeed.com/jobs?q=backend&l=india&format=rss,Indeed,search_rss,backend,india,India,Backend,Onsite/Hybrid,Any
Indeed - Backend in Bangalore,https://www.indeed.com/jobs?q=backend&l=bangalore&format=rss,Indeed,search_rss,backend,bangalore,India,Backend,Onsite/Hybrid,Any
Indeed - Backend in Hyderabad,https://www.indeed.com/jobs?q=backend&l=hyderabad&format=rss,Indeed,search_rss,backend,hyderabad,India,Backend,Onsite/Hybrid,Any
Indeed - Backend in Pune,https://www.indeed.com/jobs?q=backend&l=pune&format=rss,Indeed,search_rss,backend,pune,India,Backend,Onsite/Hybrid,Any
Indeed - Backend in Delhi,https://www.indeed.com/jobs?q=backend&l=delhi&format=rss,Indeed,search_rss,backend,delhi,India,Backend,Onsite/Hybrid,Any
Indeed - Backend in Noida,https://www.indeed.com/jobs?q=backend&l=noida&format=rss,Indeed,search_rss,backend,noida,India,Backend,Onsite/Hybrid,Any
Indeed - Backend in Gurgaon,https://www.indeed.com/jobs?q=backend&l=gurgaon&format=rss,Indeed,search_rss,backend,gurgaon,India,Backend,Onsite/Hybrid,Any
Indeed - Backend in Mumbai,https://www.indeed.com/jobs?q=backend&l=mumbai&format=rss,Indeed,search_rss,backend,mumbai,India,Backend,Onsite/Hybrid,Any
Indeed - Backend in Chennai,https://www.indeed.com/jobs?q=backend&l=chennai&format=rss,Indeed,search_rss,backend,chennai,India,Backend,Onsite/Hybrid,Any
Indeed - Backend in Kolkata,https://www.indeed.com/jobs?q=backend&l=kolkata&format=rss,Indeed,search_rss,backend,kolkata,India,Backend,Onsite/Hybrid,Any
Indeed - Backend in Ahmedabad,https://www.indeed.com/jobs?q=backend&l=ahmedabad&format=rss,Indeed,search_rss,backend,ahmedabad,India,Backend,Onsite/Hybrid,Any
Indeed - Backend in Kochi,https://www.indeed.com/jobs?q=backend&l=kochi&format=rss,Indeed,search_rss,backend,kochi,India,Backend,Onsite/Hybrid,Any
Indeed - Backend in Trivandrum,https://www.indeed.com/jobs?q=backend&l=trivandrum&format=rss,Indeed,search_rss,backend,trivandrum,India,Backend,Onsite/Hybrid,Any
Indeed - Backend in Usa,https://www.indeed.com/jobs?q=backend&l=usa&format=rss,Indeed,search_rss,backend,usa,USA,Backend,Onsite/Hybrid,Any
Indeed - Backend in Canada,https://www.indeed.com/jobs?q=backend&l=canada&format=rss,Indeed,search_rss,backend,canada,Unknown,Backend,Onsite/Hybrid,Any
Indeed - Backend in Uk,https://www.indeed.com/jobs?q=backend&l=uk&format=rss,Indeed,search_rss,backend,uk,UK,Backend,Onsite/Hybrid,Any
Indeed - Backend in Germany,https://www.indeed.com/jobs?q=backend&l=germany&format=rss,Indeed,search_rss,backend,germany,Europe,Backend,Onsite/Hybrid,Any
Indeed - Backend in Netherlands,https://www.indeed.com/jobs?q=backend&l=netherlands&format=rss,Indeed,search_rss,backend,netherlands,Europe,Backend,Onsite/Hybrid,Any
Indeed - Backend in Poland,https://www.indeed.com/jobs?q=backend&l=poland&format=rss,Indeed,search_rss,backend,poland,Europe,Backend,Onsite/Hybrid,Any
Indeed - Backend in Europe,https://www.indeed.com/jobs?q=backend&l=europe&format=rss,Indeed,search_rss,backend,europe,Europe,Backend,Onsite/Hybrid,Any
Indeed - Backend in Singapore,https://www.indeed.com/jobs?q=backend&l=singapore&format=rss,Indeed,search_rss,backend,singapore,Unknown,Backend,Onsite/Hybrid,Any
Indeed - Frontend in Remote,https://www.indeed.com/jobs?q=frontend&l=remote&format=rss,Indeed,search_rss,frontend,remote,Global,Frontend,Remote,Any
Indeed - Frontend in India,https://www.indeed.com/jobs?q=frontend&l=india&format=rss,Indeed,search_rss,frontend,india,India,Frontend,Onsite/Hybrid,Any
Indeed - Frontend in Bangalore,https://www.indeed.com/jobs?q=frontend&l=bangalore&format=rss,Indeed,search_rss,frontend,bangalore,India,Frontend,Onsite/Hybrid,Any
Indeed - Frontend in Hyderabad,https://www.indeed.com/jobs?q=frontend&l=hyderabad&format=rss,Indeed,search_rss,frontend,hyderabad,India,Frontend,Onsite/Hybrid,Any
Indeed - Frontend in Pune,https://www.indeed.com/jobs?q=frontend&l=pune&format=rss,Indeed,search_rss,frontend,pune,India,Frontend,Onsite/Hybrid,Any
Indeed - Frontend in Delhi,https://www.indeed.com/jobs?q=frontend&l=delhi&format=rss,Indeed,search_rss,frontend,delhi,India,Frontend,Onsite/Hybrid,Any
Indeed - Frontend in Noida,https://www.indeed.com/jobs?q=frontend&l=noida&format=rss,Indeed,search_rss,frontend,noida,India,Frontend,Onsite/Hybrid,Any
Indeed - Frontend in Gurgaon,https://www.indeed.com/jobs?q=frontend&l=gurgaon&format=rss,Indeed,search_rss,frontend,gurgaon,India,Frontend,Onsite/Hybrid,Any
Indeed - Frontend in Mumbai,https://www.indeed.com/jobs?q=frontend&l=mumbai&format=rss,Indeed,search_rss,frontend,mumbai,India,Frontend,Onsite/Hybrid,Any
Indeed - Frontend in Chennai,https://www.indeed.com/jobs?q=frontend&l=chennai&format=rss,Indeed,search_rss,frontend,chennai,India,Frontend,Onsite/Hybrid,Any
Indeed - Frontend in Kolkata,https://www.indeed.com/jobs?q=frontend&l=kolkata&format=rss,Indeed,search_rss,frontend,kolkata,India,Frontend,Onsite/Hybrid,Any
Indeed - Frontend in Ahmedabad,https://www.indeed.com/jobs?q=frontend&l=ahmedabad&format=rss,Indeed,search_rss,frontend,ahmedabad,India,Frontend,Onsite/Hybrid,Any
Indeed - Frontend in Kochi,https://www.indeed.com/jobs?q=frontend&l=kochi&format=rss,Indeed,search_rss,frontend,kochi,India,Frontend,Onsite/Hybrid,Any
Indeed - Frontend in Trivandrum,https://www.indeed.com/jobs?q=frontend&l=trivandrum&format=rss,Indeed,search_rss,frontend,trivandrum,India,Frontend,Onsite/Hybrid,Any
Indeed - Frontend in Usa,https://www.indeed.com/jobs?q=frontend&l=usa&format=rss,Indeed,search_rss,frontend,usa,USA,Frontend,Onsite/Hybrid,Any
Indeed - Frontend in Canada,https://www.indeed.com/jobs?q=frontend&l=canada&format=rss,Indeed,search_rss,frontend,canada,Unknown,Frontend,Onsite/Hybrid,Any
Indeed - Frontend in Uk,https://www.indeed.com/jobs?q=frontend&l=uk&format=rss,Indeed,search_rss,frontend,uk,UK,Frontend,Onsite/Hybrid,Any
Indeed - Frontend in Germany,https://www.indeed.com/jobs?q=frontend&l=germany&format=rss,Indeed,search_rss,frontend,germany,Europe,Frontend,Onsite/Hybrid,Any
Indeed - Frontend in Netherlands,https://www.indeed.com/jobs?q=frontend&l=netherlands&format=rss,Indeed,search_rss,frontend,netherlands,Europe,Frontend,Onsite/Hybrid,Any
Indeed - Frontend in Poland,https://www.indeed.com/jobs?q=frontend&l=poland&format=rss,Indeed,search_rss,frontend,poland,Europe,Frontend,Onsite/Hybrid,Any
Indeed - Frontend in Europe,https://www.indeed.com/jobs?q=frontend&l=europe&format=rss,Indeed,search_rss,frontend,europe,Europe,Frontend,Onsite/Hybrid,Any
Indeed - Frontend in Singapore,https://www.indeed.com/jobs?q=frontend&l=singapore&format=rss,Indeed,search_rss,frontend,singapore,Unknown,Frontend,Onsite/Hybrid,Any
Indeed - Fullstack in Remote,https://www.indeed.com/jobs?q=fullstack&l=remote&format=rss,Indeed,search_rss,fullstack,remote,Global,Fullstack,Remote,Any
Indeed - Fullstack in India,https://www.indeed.com/jobs?q=fullstack&l=india&format=rss,Indeed,search_rss,fullstack,india,India,Fullstack,Onsite/Hybrid,Any
Indeed - Fullstack in Bangalore,https://www.indeed.com/jobs?q=fullstack&l=bangalore&format=rss,Indeed,search_rss,fullstack,bangalore,India,Fullstack,Onsite/Hybrid,Any
Indeed - Fullstack in Hyderabad,https://www.indeed.com/jobs?q=fullstack&l=hyderabad&format=rss,Indeed,search_rss,fullstack,hyderabad,India,Fullstack,Onsite/Hybrid,Any
Indeed - Fullstack in Pune,https://www.indeed.com/jobs?q=fullstack&l=pune&format=rss,Indeed,search_rss,fullstack,pune,India,Fullstack,Onsite/Hybrid,Any
Indeed - Fullstack in Delhi,https://www.indeed.com/jobs?q=fullstack&l=delhi&format=rss,Indeed,search_rss,fullstack,delhi,India,Fullstack,Onsite/Hybrid,Any
Indeed - Fullstack in Noida,https://www.indeed.com/jobs?q=fullstack&l=noida&format=rss,Indeed,search_rss,fullstack,noida,India,Fullstack,Onsite/Hybrid,Any
Indeed - Fullstack in Gurgaon,https://www.indeed.com/jobs?q=fullstack&l=gurgaon&format=rss,Indeed,search_rss,fullstack,gurgaon,India,Fullstack,Onsite/Hybrid,Any
Indeed - Fullstack in Mumbai,https://www.indeed.com/jobs?q=fullstack&l=mumbai&format=rss,Indeed,search_rss,fullstack,mumbai,India,Fullstack,Onsite/Hybrid,Any
Indeed - Fullstack in Chennai,https://www.indeed.com/jobs?q=fullstack&l=chennai&format=rss,Indeed,search_rss,fullstack,chennai,India,Fullstack,Onsite/Hybrid,Any
Indeed - Fullstack in Kolkata,https://www.indeed.com/jobs?q=fullstack&l=kolkata&format=rss,Indeed,search_rss,fullstack,kolkata,India,Fullstack,Onsite/Hybrid,Any
Indeed - Fullstack in Ahmedabad,https://www.indeed.com/jobs?q=fullstack&l=ahmedabad&format=rss,Indeed,search_rss,fullstack,ahmedabad,India,Fullstack,Onsite/Hybrid,Any
Indeed - Fullstack in Kochi,https://www.indeed.com/jobs?q=fullstack&l=kochi&format=rss,Indeed,search_rss,fullstack,kochi,India,Fullstack,Onsite/Hybrid,Any
Indeed - Fullstack in Trivandrum,https://www.indeed.com/jobs?q=fullstack&l=trivandrum&format=rss,Indeed,search_rss,fullstack,trivandrum,India,Fullstack,Onsite/Hybrid,Any
Indeed - Fullstack in Usa,https://www.indeed.com/jobs?q=fullstack&l=usa&format=rss,Indeed,search_rss,fullstack,usa,USA,Fullstack,Onsite/Hybrid,Any
Indeed - Fullstack in Canada,https://www.indeed.com/jobs?q=fullstack&l=canada&format=rss,Indeed,search_rss,fullstack,canada,Unknown,Fullstack,Onsite/Hybrid,Any
Indeed - Fullstack in Uk,https://www.indeed.com/jobs?q=fullstack&l=uk&format=rss,Indeed,search_rss,fullstack,uk,UK,Fullstack,Onsite/Hybrid,Any
Indeed - Fullstack in Germany,https://www.indeed.com/jobs?q=fullstack&l=germany&format=rss,Indeed,search_rss,fullstack,germany,Europe,Fullstack,Onsite/Hybrid,Any
Indeed - Fullstack in Netherlands,https://www.indeed.com/jobs?q=fullstack&l=netherlands&format=rss,Indeed,search_rss,fullstack,netherlands,Europe,Fullstack,Onsite/Hybrid,Any
Indeed - Fullstack in Poland,https://www.indeed.com/jobs?q=fullstack&l=poland&format=rss,Indeed,search_rss,fullstack,poland,Europe,Fullstack,Onsite/Hybrid,Any
Indeed - Fullstack in Europe,https://www.indeed.com/jobs?q=fullstack&l=europe&format=rss,Indeed,search_rss,fullstack,europe,Europe,Fullstack,Onsite/Hybrid,Any
Indeed - Fullstack in Singapore,https://www.indeed.com/jobs?q=fullstack&l=singapore&format=rss,Indeed,search_rss,fullstack,singapore,Unknown,Fullstack,Onsite/Hybrid,Any
Indeed - React in Remote,https://www.indeed.com/jobs?q=react&l=remote&format=rss,Indeed,search_rss,react,remote,Global,Frontend,Remote,Any
Indeed - React in India,https://www.indeed.com/jobs?q=react&l=india&format=rss,Indeed,search_rss,react,india,India,Frontend,Onsite/Hybrid,Any
Indeed - React in Bangalore,https://www.indeed.com/jobs?q=react&l=bangalore&format=rss,Indeed,search_rss,react,bangalore,India,Frontend,Onsite/Hybrid,Any
Indeed - React in Hyderabad,https://www.indeed.com/jobs?q=react&l=hyderabad&format=rss,Indeed,search_rss,react,hyderabad,India,Frontend,Onsite/Hybrid,Any
Indeed - React in Pune,https://www.indeed.com/jobs?q=react&l=pune&format=rss,Indeed,search_rss,react,pune,India,Frontend,Onsite/Hybrid,Any
Indeed - React in Delhi,https://www.indeed.com/jobs?q=react&l=delhi&format=rss,Indeed,search_rss,react,delhi,India,Frontend,Onsite/Hybrid,Any
Indeed - React in Noida,https://www.indeed.com/jobs?q=react&l=noida&format=rss,Indeed,search_rss,react,noida,India,Frontend,Onsite/Hybrid,Any
Indeed - React in Gurgaon,https://www.indeed.com/jobs?q=react&l=gurgaon&format=rss,Indeed,search_rss,react,gurgaon,India,Frontend,Onsite/Hybrid,Any
Indeed - React in Mumbai,https://www.indeed.com/jobs?q=react&l=mumbai&format=rss,Indeed,search_rss,react,mumbai,India,Frontend,Onsite/Hybrid,Any
Indeed - React in Chennai,https://www.indeed.com/jobs?q=react&l=chennai&format=rss,Indeed,search_rss,react,chennai,India,Frontend,Onsite/Hybrid,Any
Indeed - React in Kolkata,https://www.indeed.com/jobs?q=react&l=kolkata&format=rss,Indeed,search_rss,react,kolkata,India,Frontend,Onsite/Hybrid,Any
Indeed - React in Ahmedabad,https://www.indeed.com/jobs?q=react&l=ahmedabad&format=rss,Indeed,search_rss,react,ahmedabad,India,Frontend,Onsite/Hybrid,Any
Indeed - React in Kochi,https://www.indeed.com/jobs?q=react&l=kochi&format=rss,Indeed,search_rss,react,kochi,India,Frontend,Onsite/Hybrid,Any
Indeed - React in Trivandrum,https://www.indeed.com/jobs?q=react&l=trivandrum&format=rss,Indeed,search_rss,react,trivandrum,India,Frontend,Onsite/Hybrid,Any
Indeed - React in Usa,https://www.indeed.com/jobs?q=react&l=usa&format=rss,Indeed,search_rss,react,usa,USA,Frontend,Onsite/Hybrid,Any
Indeed - React in Canada,https://www.indeed.com/jobs?q=react&l=canada&format=rss,Indeed,search_rss,react,canada,Unknown,Frontend,Onsite/Hybrid,Any
Indeed - React in Uk,https://www.indeed.com/jobs?q=react&l=uk&format=rss,Indeed,search_rss,react,uk,UK,Frontend,Onsite/Hybrid,Any
Indeed - React in Germany,https://www.indeed.com/jobs?q=react&l=germany&format=rss,Indeed,search_rss,react,germany,Europe,Frontend,Onsite/Hybrid,Any
Indeed - React in Netherlands,https://www.indeed.com/jobs?q=react&l=netherlands&format=rss,Indeed,search_rss,react,netherlands,Europe,Frontend,Onsite/Hybrid,Any
Indeed - React in Poland,https://www.indeed.com/jobs?q=react&l=poland&format=rss,Indeed,search_rss,react,poland,Europe,Frontend,Onsite/Hybrid,Any
Indeed - React in Europe,https://www.indeed.com/jobs?q=react&l=europe&format=rss,Indeed,search_rss,react,europe,Europe,Frontend,Onsite/Hybrid,Any
Indeed - React in Singapore,https://www.indeed.com/jobs?q=react&l=singapore&format=rss,Indeed,search_rss,react,singapore,Unknown,Frontend,Onsite/Hybrid,Any
Indeed - Nodejs in Remote,https://www.indeed.com/jobs?q=nodejs&l=remote&format=rss,Indeed,search_rss,nodejs,remote,Global,General,Remote,Any
Indeed - Nodejs in India,https://www.indeed.com/jobs?q=nodejs&l=india&format=rss,Indeed,search_rss,nodejs,india,India,General,Onsite/Hybrid,Any
Indeed - Nodejs in Bangalore,https://www.indeed.com/jobs?q=nodejs&l=bangalore&format=rss,Indeed,search_rss,nodejs,bangalore,India,General,Onsite/Hybrid,Any
Indeed - Nodejs in Hyderabad,https://www.indeed.com/jobs?q=nodejs&l=hyderabad&format=rss,Indeed,search_rss,nodejs,hyderabad,India,General,Onsite/Hybrid,Any
Indeed - Nodejs in Pune,https://www.indeed.com/jobs?q=nodejs&l=pune&format=rss,Indeed,search_rss,nodejs,pune,India,General,Onsite/Hybrid,Any
Indeed - Nodejs in Delhi,https://www.indeed.com/jobs?q=nodejs&l=delhi&format=rss,Indeed,search_rss,nodejs,delhi,India,General,Onsite/Hybrid,Any
Indeed - Nodejs in Noida,https://www.indeed.com/jobs?q=nodejs&l=noida&format=rss,Indeed,search_rss,nodejs,noida,India,General,Onsite/Hybrid,Any
Indeed - Nodejs in Gurgaon,https://www.indeed.com/jobs?q=nodejs&l=gurgaon&format=rss,Indeed,search_rss,nodejs,gurgaon,India,General,Onsite/Hybrid,Any
Indeed - Nodejs in Mumbai,https://www.indeed.com/jobs?q=nodejs&l=mumbai&format=rss,Indeed,search_rss,nodejs,mumbai,India,General,Onsite/Hybrid,Any
Indeed - Nodejs in Chennai,https://www.indeed.com/jobs?q=nodejs&l=chennai&format=rss,Indeed,search_rss,nodejs,chennai,India,General,Onsite/Hybrid,Any
Indeed - Nodejs in Kolkata,https://www.indeed.com/jobs?q=nodejs&l=kolkata&format=rss,Indeed,search_rss,nodejs,kolkata,India,General,Onsite/Hybrid,Any
Indeed - Nodejs in Ahmedabad,https://www.indeed.com/jobs?q=nodejs&l=ahmedabad&format=rss,Indeed,search_rss,nodejs,ahmedabad,India,General,Onsite/Hybrid,Any
Indeed - Nodejs in Kochi,https://www.indeed.com/jobs?q=nodejs&l=kochi&format=rss,Indeed,search_rss,nodejs,kochi,India,General,Onsite/Hybrid,Any
Indeed - Nodejs in Trivandrum,https://www.indeed.com/jobs?q=nodejs&l=trivandrum&format=rss,Indeed,search_rss,nodejs,trivandrum,India,General,Onsite/Hybrid,Any
Indeed - Nodejs in Usa,https://www.indeed.com/jobs?q=nodejs&l=usa&format=rss,Indeed,search_rss,nodejs,usa,USA,General,Onsite/Hybrid,Any
Indeed - Nodejs in Canada,https://www.indeed.com/jobs?q=nodejs&l=canada&format=rss,Indeed,search_rss,nodejs,canada,Unknown,General,Onsite/Hybrid,Any
Indeed - Nodejs in Uk,https://www.indeed.com/jobs?q=nodejs&l=uk&format=rss,Indeed,search_rss,nodejs,uk,UK,General,Onsite/Hybrid,Any
Indeed - Nodejs in Germany,https://www.indeed.com/jobs?q=nodejs&l=germany&format=rss,Indeed,search_rss,nodejs,germany,Europe,General,Onsite/Hybrid,Any
Indeed - Nodejs in Netherlands,https://www.indeed.com/jobs?q=nodejs&l=netherlands&format=rss,Indeed,search_rss,nodejs,netherlands,Europe,General,Onsite/Hybrid,Any
Indeed - Nodejs in Poland,https://www.indeed.com/jobs?q=nodejs&l=poland&format=rss,Indeed,search_rss,nodejs,poland,Europe,General,Onsite/Hybrid,Any
Indeed - Nodejs in Europe,https://www.indeed.com/jobs?q=nodejs&l=europe&format=rss,Indeed,search_rss,nodejs,europe,Europe,General,Onsite/Hybrid,Any
Indeed - Nodejs in Singapore,https://www.indeed.com/jobs?q=nodejs&l=singapore&format=rss,Indeed,search_rss,nodejs,singapore,Unknown,General,Onsite/Hybrid,Any
Indeed - Golang in Remote,https://www.indeed.com/jobs?q=golang&l=remote&format=rss,Indeed,search_rss,golang,remote,Global,General,Remote,Any
Indeed - Golang in India,https://www.indeed.com/jobs?q=golang&l=india&format=rss,Indeed,search_rss,golang,india,India,General,Onsite/Hybrid,Any
Indeed - Golang in Bangalore,https://www.indeed.com/jobs?q=golang&l=bangalore&format=rss,Indeed,search_rss,golang,bangalore,India,General,Onsite/Hybrid,Any
Indeed - Golang in Hyderabad,https://www.indeed.com/jobs?q=golang&l=hyderabad&format=rss,Indeed,search_rss,golang,hyderabad,India,General,Onsite/Hybrid,Any
Indeed - Golang in Pune,https://www.indeed.com/jobs?q=golang&l=pune&format=rss,Indeed,search_rss,golang,pune,India,General,Onsite/Hybrid,Any
Indeed - Golang in Delhi,https://www.indeed.com/jobs?q=golang&l=delhi&format=rss,Indeed,search_rss,golang,delhi,India,General,Onsite/Hybrid,Any
Indeed - Golang in Noida,https://www.indeed.com/jobs?q=golang&l=noida&format=rss,Indeed,search_rss,golang,noida,India,General,Onsite/Hybrid,Any
Indeed - Golang in Gurgaon,https://www.indeed.com/jobs?q=golang&l=gurgaon&format=rss,Indeed,search_rss,golang,gurgaon,India,General,Onsite/Hybrid,Any
Indeed - Golang in Mumbai,https://www.indeed.com/jobs?q=golang&l=mumbai&format=rss,Indeed,search_rss,golang,mumbai,India,General,Onsite/Hybrid,Any
Indeed - Golang in Chennai,https://www.indeed.com/jobs?q=golang&l=chennai&format=rss,Indeed,search_rss,golang,chennai,India,General,Onsite/Hybrid,Any
Indeed - Golang in Kolkata,https://www.indeed.com/jobs?q=golang&l=kolkata&format=rss,Indeed,search_rss,golang,kolkata,India,General,Onsite/Hybrid,Any
Indeed - Golang in Ahmedabad,https://www.indeed.com/jobs?q=golang&l=ahmedabad&format=rss,Indeed,search_rss,golang,ahmedabad,India,General,Onsite/Hybrid,Any
Indeed - Golang in Kochi,https://www.indeed.com/jobs?q=golang&l=kochi&format=rss,Indeed,search_rss,golang,kochi,India,General,Onsite/Hybrid,Any
Indeed - Golang in Trivandrum,https://www.indeed.com/jobs?q=golang&l=trivandrum&format=rss,Indeed,search_rss,golang,trivandrum,India,General,Onsite/Hybrid,Any
Indeed - Golang in Usa,https://www.indeed.com/jobs?q=golang&l=usa&format=rss,Indeed,search_rss,golang,usa,USA,General,Onsite/Hybrid,Any
Indeed - Golang in Canada,https://www.indeed.com/jobs?q=golang&l=canada&format=rss,Indeed,search_rss,golang,canada,Unknown,General,Onsite/Hybrid,Any
Indeed - Golang in Uk,https://www.indeed.com/jobs?q=golang&l=uk&format=rss,Indeed,search_rss,golang,uk,UK,General,Onsite/Hybrid,Any
Indeed - Golang in Germany,https://www.indeed.com/jobs?q=golang&l=germany&format=rss,Indeed,search_rss,golang,germany,Europe,General,Onsite/Hybrid,Any
Indeed - Golang in Netherlands,https://www.indeed.com/jobs?q=golang&l=netherlands&format=rss,Indeed,search_rss,golang,netherlands,Europe,General,Onsite/Hybrid,Any
Indeed - Golang in Poland,https://www.indeed.com/jobs?q=golang&l=poland&format=rss,Indeed,search_rss,golang,poland,Europe,General,Onsite/Hybrid,Any
Indeed - Golang in Europe,https://www.indeed.com/jobs?q=golang&l=europe&format=rss,Indeed,search_rss,golang,europe,Europe,General,Onsite/Hybrid,Any
Indeed - Golang in Singapore,https://www.indeed.com/jobs?q=golang&l=singapore&format=rss,Indeed,search_rss,golang,singapore,Unknown,General,Onsite/Hybrid,Any
Indeed - Rust in Remote,https://www.indeed.com/jobs?q=rust&l=remote&format=rss,Indeed,search_rss,rust,remote,Global,General,Remote,Any
Indeed - Rust in India,https://www.indeed.com/jobs?q=rust&l=india&format=rss,Indeed,search_rss,rust,india,India,General,Onsite/Hybrid,Any
Indeed - Rust in Bangalore,https://www.indeed.com/jobs?q=rust&l=bangalore&format=rss,Indeed,search_rss,rust,bangalore,India,General,Onsite/Hybrid,Any
Indeed - Rust in Hyderabad,https://www.indeed.com/jobs?q=rust&l=hyderabad&format=rss,Indeed,search_rss,rust,hyderabad,India,General,Onsite/Hybrid,Any
Indeed - Rust in Pune,https://www.indeed.com/jobs?q=rust&l=pune&format=rss,Indeed,search_rss,rust,pune,India,General,Onsite/Hybrid,Any
Indeed - Rust in Delhi,https://www.indeed.com/jobs?q=rust&l=delhi&format=rss,Indeed,search_rss,rust,delhi,India,General,Onsite/Hybrid,Any
Indeed - Rust in Noida,https://www.indeed.com/jobs?q=rust&l=noida&format=rss,Indeed,search_rss,rust,noida,India,General,Onsite/Hybrid,Any
Indeed - Rust in Gurgaon,https://www.indeed.com/jobs?q=rust&l=gurgaon&format=rss,Indeed,search_rss,rust,gurgaon,India,General,Onsite/Hybrid,Any
Indeed - Rust in Mumbai,https://www.indeed.com/jobs?q=rust&l=mumbai&format=rss,Indeed,search_rss,rust,mumbai,India,General,Onsite/Hybrid,Any
Indeed - Rust in Chennai,https://www.indeed.com/jobs?q=rust&l=chennai&format=rss,Indeed,search_rss,rust,chennai,India,General,Onsite/Hybrid,Any
Indeed - Rust in Kolkata,https://www.indeed.com/jobs?q=rust&l=kolkata&format=rss,Indeed,search_rss,rust,kolkata,India,General,Onsite/Hybrid,Any
Indeed - Rust in Ahmedabad,https://www.indeed.com/jobs?q=rust&l=ahmedabad&format=rss,Indeed,search_rss,rust,ahmedabad,India,General,Onsite/Hybrid,Any
Indeed - Rust in Kochi,https://www.indeed.com/jobs?q=rust&l=kochi&format=rss,Indeed,search_rss,rust,kochi,India,General,Onsite/Hybrid,Any
Indeed - Rust in Trivandrum,https://www.indeed.com/jobs?q=rust&l=trivandrum&format=rss,Indeed,search_rss,rust,trivandrum,India,General,Onsite/Hybrid,Any
Indeed - Rust in Usa,https://www.indeed.com/jobs?q=rust&l=usa&format=rss,Indeed,search_rss,rust,usa,USA,General,Onsite/Hybrid,Any
Indeed - Rust in Canada,https://www.indeed.com/jobs?q=rust&l=canada&format=rss,Indeed,search_rss,rust,canada,Unknown,General,Onsite/Hybrid,Any
Indeed - Rust in Uk,https://www.indeed.com/jobs?q=rust&l=uk&format=rss,Indeed,search_rss,rust,uk,UK,General,Onsite/Hybrid,Any
Indeed - Rust in Germany,https://www.indeed.com/jobs?q=rust&l=germany&format=rss,Indeed,search_rss,rust,germany,Europe,General,Onsite/Hybrid,Any
Indeed - Rust in Netherlands,https://www.indeed.com/jobs?q=rust&l=netherlands&format=rss,Indeed,search_rss,rust,netherlands,Europe,General,Onsite/Hybrid,Any
Indeed - Rust in Poland,https://www.indeed.com/jobs?q=rust&l=poland&format=rss,Indeed,search_rss,rust,poland,Europe,General,Onsite/Hybrid,Any
Indeed - Rust in Europe,https://www.indeed.com/jobs?q=rust&l=europe&format=rss,Indeed,search_rss,rust,europe,Europe,General,Onsite/Hybrid,Any
Indeed - Rust in Singapore,https://www.indeed.com/jobs?q=rust&l=singapore&format=rss,Indeed,search_rss,rust,singapore,Unknown,General,Onsite/Hybrid,Any
Indeed - Java in Remote,https://www.indeed.com/jobs?q=java&l=remote&format=rss,Indeed,search_rss,java,remote,Global,General,Remote,Any
Indeed - Java in India,https://www.indeed.com/jobs?q=java&l=india&format=rss,Indeed,search_rss,java,india,India,General,Onsite/Hybrid,Any
Indeed - Java in Bangalore,https://www.indeed.com/jobs?q=java&l=bangalore&format=rss,Indeed,search_rss,java,bangalore,India,General,Onsite/Hybrid,Any
Indeed - Java in Hyderabad,https://www.indeed.com/jobs?q=java&l=hyderabad&format=rss,Indeed,search_rss,java,hyderabad,India,General,Onsite/Hybrid,Any
Indeed - Java in Pune,https://www.indeed.com/jobs?q=java&l=pune&format=rss,Indeed,search_rss,java,pune,India,General,Onsite/Hybrid,Any
Indeed - Java in Delhi,https://www.indeed.com/jobs?q=java&l=delhi&format=rss,Indeed,search_rss,java,delhi,India,General,Onsite/Hybrid,Any
Indeed - Java in Noida,https://www.indeed.com/jobs?q=java&l=noida&format=rss,Indeed,search_rss,java,noida,India,General,Onsite/Hybrid,Any
Indeed - Java in Gurgaon,https://www.indeed.com/jobs?q=java&l=gurgaon&format=rss,Indeed,search_rss,java,gurgaon,India,General,Onsite/Hybrid,Any
Indeed - Java in Mumbai,https://www.indeed.com/jobs?q=java&l=mumbai&format=rss,Indeed,search_rss,java,mumbai,India,General,Onsite/Hybrid,Any
Indeed - Java in Chennai,https://www.indeed.com/jobs?q=java&l=chennai&format=rss,Indeed,search_rss,java,chennai,India,General,Onsite/Hybrid,Any
Indeed - Java in Kolkata,https://www.indeed.com/jobs?q=java&l=kolkata&format=rss,Indeed,search_rss,java,kolkata,India,General,Onsite/Hybrid,Any
Indeed - Java in Ahmedabad,https://www.indeed.com/jobs?q=java&l=ahmedabad&format=rss,Indeed,search_rss,java,ahmedabad,India,General,Onsite/Hybrid,Any
Indeed - Java in Kochi,https://www.indeed.com/jobs?q=java&l=kochi&format=rss,Indeed,search_rss,java,kochi,India,General,Onsite/Hybrid,Any
Indeed - Java in Trivandrum,https://www.indeed.com/jobs?q=java&l=trivandrum&format=rss,Indeed,search_rss,java,trivandrum,India,General,Onsite/Hybrid,Any
Indeed - Java in Usa,https://www.indeed.com/jobs?q=java&l=usa&format=rss,Indeed,search_rss,java,usa,USA,General,Onsite/Hybrid,Any
Indeed - Java in Canada,https://www.indeed.com/jobs?q=java&l=canada&format=rss,Indeed,search_rss,java,canada,Unknown,General,Onsite/Hybrid,Any
Indeed - Java in Uk,https://www.indeed.com/jobs?q=java&l=uk&format=rss,Indeed,search_rss,java,uk,UK,General,Onsite/Hybrid,Any
Indeed - Java in Germany,https://www.indeed.com/jobs?q=java&l=germany&format=rss,Indeed,search_rss,java,germany,Europe,General,Onsite/Hybrid,Any
Indeed - Java in Netherlands,https://www.indeed.com/jobs?q=java&l=netherlands&format=rss,Indeed,search_rss,java,netherlands,Europe,General,Onsite/Hybrid,Any
Indeed - Java in Poland,https://www.indeed.com/jobs?q=java&l=poland&format=rss,Indeed,search_rss,java,poland,Europe,General,Onsite/Hybrid,Any
Indeed - Java in Europe,https://www.indeed.com/jobs?q=java&l=europe&format=rss,Indeed,search_rss,java,europe,Europe,General,Onsite/Hybrid,Any
Indeed - Java in Singapore,https://www.indeed.com/jobs?q=java&l=singapore&format=rss,Indeed,search_rss,java,singapore,Unknown,General,Onsite/Hybrid,Any
Indeed - Spring in Remote,https://www.indeed.com/jobs?q=spring&l=remote&format=rss,Indeed,search_rss,spring,remote,Global,General,Remote,Any
Indeed - Spring in India,https://www.indeed.com/jobs?q=spring&l=india&format=rss,Indeed,search_rss,spring,india,India,General,Onsite/Hybrid,Any
Indeed - Spring in Bangalore,https://www.indeed.com/jobs?q=spring&l=bangalore&format=rss,Indeed,search_rss,spring,bangalore,India,General,Onsite/Hybrid,Any
Indeed - Spring in Hyderabad,https://www.indeed.com/jobs?q=spring&l=hyderabad&format=rss,Indeed,search_rss,spring,hyderabad,India,General,Onsite/Hybrid,Any
Indeed - Spring in Pune,https://www.indeed.com/jobs?q=spring&l=pune&format=rss,Indeed,search_rss,spring,pune,India,General,Onsite/Hybrid,Any
Indeed - Spring in Delhi,https://www.indeed.com/jobs?q=spring&l=delhi&format=rss,Indeed,search_rss,spring,delhi,India,General,Onsite/Hybrid,Any
Indeed - Spring in Noida,https://www.indeed.com/jobs?q=spring&l=noida&format=rss,Indeed,search_rss,spring,noida,India,General,Onsite/Hybrid,Any
Indeed - Spring in Gurgaon,https://www.indeed.com/jobs?q=spring&l=gurgaon&format=rss,Indeed,search_rss,spring,gurgaon,India,General,Onsite/Hybrid,Any
Indeed - Spring in Mumbai,https://www.indeed.com/jobs?q=spring&l=mumbai&format=rss,Indeed,search_rss,spring,mumbai,India,General,Onsite/Hybrid,Any
Indeed - Spring in Chennai,https://www.indeed.com/jobs?q=spring&l=chennai&format=rss,Indeed,search_rss,spring,chennai,India,General,Onsite/Hybrid,Any
Indeed - Spring in Kolkata,https://www.indeed.com/jobs?q=spring&l=kolkata&format=rss,Indeed,search_rss,spring,kolkata,India,General,Onsite/Hybrid,Any
Indeed - Spring in Ahmedabad,https://www.indeed.com/jobs?q=spring&l=ahmedabad&format=rss,Indeed,search_rss,spring,ahmedabad,India,General,Onsite/Hybrid,Any
Indeed - Spring in Kochi,https://www.indeed.com/jobs?q=spring&l=kochi&format=rss,Indeed,search_rss,spring,kochi,India,General,Onsite/Hybrid,Any
Indeed - Spring in Trivandrum,https://www.indeed.com/jobs?q=spring&l=trivandrum&format=rss,Indeed,search_rss,spring,trivandrum,India,General,Onsite/Hybrid,Any
Indeed - Spring in Usa,https://www.indeed.com/jobs?q=spring&l=usa&format=rss,Indeed,search_rss,spring,usa,USA,General,Onsite/Hybrid,Any
Indeed - Spring in Canada,https://www.indeed.com/jobs?q=spring&l=canada&format=rss,Indeed,search_rss,spring,canada,Unknown,General,Onsite/Hybrid,Any
Indeed - Spring in Uk,https://www.indeed.com/jobs?q=spring&l=uk&format=rss,Indeed,search_rss,spring,uk,UK,General,Onsite/Hybrid,Any
Indeed - Spring in Germany,https://www.indeed.com/jobs?q=spring&l=germany&format=rss,Indeed,search_rss,spring,germany,Europe,General,Onsite/Hybrid,Any
Indeed - Spring in Netherlands,https://www.indeed.com/jobs?q=spring&l=netherlands&format=rss,Indeed,search_rss,spring,netherlands,Europe,General,Onsite/Hybrid,Any
Indeed - Spring in Poland,https://www.indeed.com/jobs?q=spring&l=poland&format=rss,Indeed,search_rss,spring,poland,Europe,General,Onsite/Hybrid,Any
Indeed - Spring in Europe,https://www.indeed.com/jobs?q=spring&l=europe&format=rss,Indeed,search_rss,spring,europe,Europe,General,Onsite/Hybrid,Any
Indeed - Spring in Singapore,https://www.indeed.com/jobs?q=spring&l=singapore&format=rss,Indeed,search_rss,spring,singapore,Unknown,General,Onsite/Hybrid,Any
Indeed - Dotnet in Remote,https://www.indeed.com/jobs?q=dotnet&l=remote&format=rss,Indeed,search_rss,dotnet,remote,Global,General,Remote,Any
Indeed - Dotnet in India,https://www.indeed.com/jobs?q=dotnet&l=india&format=rss,Indeed,search_rss,dotnet,india,India,General,Onsite/Hybrid,Any
Indeed - Dotnet in Bangalore,https://www.indeed.com/jobs?q=dotnet&l=bangalore&format=rss,Indeed,search_rss,dotnet,bangalore,India,General,Onsite/Hybrid,Any
Indeed - Dotnet in Hyderabad,https://www.indeed.com/jobs?q=dotnet&l=hyderabad&format=rss,Indeed,search_rss,dotnet,hyderabad,India,General,Onsite/Hybrid,Any
Indeed - Dotnet in Pune,https://www.indeed.com/jobs?q=dotnet&l=pune&format=rss,Indeed,search_rss,dotnet,pune,India,General,Onsite/Hybrid,Any
Indeed - Dotnet in Delhi,https://www.indeed.com/jobs?q=dotnet&l=delhi&format=rss,Indeed,search_rss,dotnet,delhi,India,General,Onsite/Hybrid,Any
Indeed - Dotnet in Noida,https://www.indeed.com/jobs?q=dotnet&l=noida&format=rss,Indeed,search_rss,dotnet,noida,India,General,Onsite/Hybrid,Any
Indeed - Dotnet in Gurgaon,https://www.indeed.com/jobs?q=dotnet&l=gurgaon&format=rss,Indeed,search_rss,dotnet,gurgaon,India,General,Onsite/Hybrid,Any
Indeed - Dotnet in Mumbai,https://www.indeed.com/jobs?q=dotnet&l=mumbai&format=rss,Indeed,search_rss,dotnet,mumbai,India,General,Onsite/Hybrid,Any
Indeed - Dotnet in Chennai,https://www.indeed.com/jobs?q=dotnet&l=chennai&format=rss,Indeed,search_rss,dotnet,chennai,India,General,Onsite/Hybrid,Any
Indeed - Dotnet in Kolkata,https://www.indeed.com/jobs?q=dotnet&l=kolkata&format=rss,Indeed,search_rss,dotnet,kolkata,India,General,Onsite/Hybrid,Any
Indeed - Dotnet in Ahmedabad,https://www.indeed.com/jobs?q=dotnet&l=ahmedabad&format=rss,Indeed,search_rss,dotnet,ahmedabad,India,General,Onsite/Hybrid,Any
Indeed - Dotnet in Kochi,https://www.indeed.com/jobs?q=dotnet&l=kochi&format=rss,Indeed,search_rss,dotnet,kochi,India,General,Onsite/Hybrid,Any
Indeed - Dotnet in Trivandrum,https://www.indeed.com/jobs?q=dotnet&l=trivandrum&format=rss,Indeed,search_rss,dotnet,trivandrum,India,General,Onsite/Hybrid,Any
Indeed - Dotnet in Usa,https://www.indeed.com/jobs?q=dotnet&l=usa&format=rss,Indeed,search_rss,dotnet,usa,USA,General,Onsite/Hybrid,Any
Indeed - Dotnet in Canada,https://www.indeed.com/jobs?q=dotnet&l=canada&format=rss,Indeed,search_rss,dotnet,canada,Unknown,General,Onsite/Hybrid,Any
Indeed - Dotnet in Uk,https://www.indeed.com/jobs?q=dotnet&l=uk&format=rss,Indeed,search_rss,dotnet,uk,UK,General,Onsite/Hybrid,Any
Indeed - Dotnet in Germany,https://www.indeed.com/jobs?q=dotnet&l=germany&format=rss,Indeed,search_rss,dotnet,germany,Europe,General,Onsite/Hybrid,Any
Indeed - Dotnet in Netherlands,https://www.indeed.com/jobs?q=dotnet&l=netherlands&format=rss,Indeed,search_rss,dotnet,netherlands,Europe,General,Onsite/Hybrid,Any
Indeed - Dotnet in Poland,https://www.indeed.com/jobs?q=dotnet&l=poland&format=rss,Indeed,search_rss,dotnet,poland,Europe,General,Onsite/Hybrid,Any
Indeed - Dotnet in Europe,https://www.indeed.com/jobs?q=dotnet&l=europe&format=rss,Indeed,search_rss,dotnet,europe,Europe,General,Onsite/Hybrid,Any
Indeed - Dotnet in Singapore,https://www.indeed.com/jobs?q=dotnet&l=singapore&format=rss,Indeed,search_rss,dotnet,singapore,Unknown,General,Onsite/Hybrid,Any
Indeed - Csharp in Remote,https://www.indeed.com/jobs?q=csharp&l=remote&format=rss,Indeed,search_rss,csharp,remote,Global,General,Remote,Any
Indeed - Csharp in India,https://www.indeed.com/jobs?q=csharp&l=india&format=rss,Indeed,search_rss,csharp,india,India,General,Onsite/Hybrid,Any
Indeed - Csharp in Bangalore,https://www.indeed.com/jobs?q=csharp&l=bangalore&format=rss,Indeed,search_rss,csharp,bangalore,India,General,Onsite/Hybrid,Any
Indeed - Csharp in Hyderabad,https://www.indeed.com/jobs?q=csharp&l=hyderabad&format=rss,Indeed,search_rss,csharp,hyderabad,India,General,Onsite/Hybrid,Any
Indeed - Csharp in Pune,https://www.indeed.com/jobs?q=csharp&l=pune&format=rss,Indeed,search_rss,csharp,pune,India,General,Onsite/Hybrid,Any
Indeed - Csharp in Delhi,https://www.indeed.com/jobs?q=csharp&l=delhi&format=rss,Indeed,search_rss,csharp,delhi,India,General,Onsite/Hybrid,Any
Indeed - Csharp in Noida,https://www.indeed.com/jobs?q=csharp&l=noida&format=rss,Indeed,search_rss,csharp,noida,India,General,Onsite/Hybrid,Any
Indeed - Csharp in Gurgaon,https://www.indeed.com/jobs?q=csharp&l=gurgaon&format=rss,Indeed,search_rss,csharp,gurgaon,India,General,Onsite/Hybrid,Any
Indeed - Csharp in Mumbai,https://www.indeed.com/jobs?q=csharp&l=mumbai&format=rss,Indeed,search_rss,csharp,mumbai,India,General,Onsite/Hybrid,Any
Indeed - Csharp in Chennai,https://www.indeed.com/jobs?q=csharp&l=chennai&format=rss,Indeed,search_rss,csharp,chennai,India,General,Onsite/Hybrid,Any
Indeed - Csharp in Kolkata,https://www.indeed.com/jobs?q=csharp&l=kolkata&format=rss,Indeed,search_rss,csharp,kolkata,India,General,Onsite/Hybrid,Any
Indeed - Csharp in Ahmedabad,https://www.indeed.com/jobs?q=csharp&l=ahmedabad&format=rss,Indeed,search_rss,csharp,ahmedabad,India,General,Onsite/Hybrid,Any
Indeed - Csharp in Kochi,https://www.indeed.com/jobs?q=csharp&l=kochi&format=rss,Indeed,search_rss,csharp,kochi,India,General,Onsite/Hybrid,Any
Indeed - Csharp in Trivandrum,https://www.indeed.com/jobs?q=csharp&l=trivandrum&format=rss,Indeed,search_rss,csharp,trivandrum,India,General,Onsite/Hybrid,Any
Indeed - Csharp in Usa,https://www.indeed.com/jobs?q=csharp&l=usa&format=rss,Indeed,search_rss,csharp,usa,USA,General,Onsite/Hybrid,Any
Indeed - Csharp in Canada,https://www.indeed.com/jobs?q=csharp&l=canada&format=rss,Indeed,search_rss,csharp,canada,Unknown,General,Onsite/Hybrid,Any
Indeed - Csharp in Uk,https://www.indeed.com/jobs?q=csharp&l=uk&format=rss,Indeed,search_rss,csharp,uk,UK,General,Onsite/Hybrid,Any
Indeed - Csharp in Germany,https://www.indeed.com/jobs?q=csharp&l=germany&format=rss,Indeed,search_rss,csharp,germany,Europe,General,Onsite/Hybrid,Any
Indeed - Csharp in Netherlands,https://www.indeed.com/jobs?q=csharp&l=netherlands&format=rss,Indeed,search_rss,csharp,netherlands,Europe,General,Onsite/Hybrid,Any
Indeed - Csharp in Poland,https://www.indeed.com/jobs?q=csharp&l=poland&format=rss,Indeed,search_rss,csharp,poland,Europe,General,Onsite/Hybrid,Any
Indeed - Csharp in Europe,https://www.indeed.com/jobs?q=csharp&l=europe&format=rss,Indeed,search_rss,csharp,europe,Europe,General,Onsite/Hybrid,Any
Indeed - Csharp in Singapore,https://www.indeed.com/jobs?q=csharp&l=singapore&format=rss,Indeed,search_rss,csharp,singapore,Unknown,General,Onsite/Hybrid,Any
Indeed - Data Engineer in Remote,https://www.indeed.com/jobs?q=data+engineer&l=remote&format=rss,Indeed,search_rss,data engineer,remote,Global,Data/AI,Remote,Any
Indeed - Data Engineer in India,https://www.indeed.com/jobs?q=data+engineer&l=india&format=rss,Indeed,search_rss,data engineer,india,India,Data/AI,Onsite/Hybrid,Any
Indeed - Data Engineer in Bangalore,https://www.indeed.com/jobs?q=data+engineer&l=bangalore&format=rss,Indeed,search_rss,data engineer,bangalore,India,Data/AI,Onsite/Hybrid,Any
Indeed - Data Engineer in Hyderabad,https://www.indeed.com/jobs?q=data+engineer&l=hyderabad&format=rss,Indeed,search_rss,data engineer,hyderabad,India,Data/AI,Onsite/Hybrid,Any
Indeed - Data Engineer in Pune,https://www.indeed.com/jobs?q=data+engineer&l=pune&format=rss,Indeed,search_rss,data engineer,pune,India,Data/AI,Onsite/Hybrid,Any
Indeed - Data Engineer in Delhi,https://www.indeed.com/jobs?q=data+engineer&l=delhi&format=rss,Indeed,search_rss,data engineer,delhi,India,Data/AI,Onsite/Hybrid,Any
Indeed - Data Engineer in Noida,https://www.indeed.com/jobs?q=data+engineer&l=noida&format=rss,Indeed,search_rss,data engineer,noida,India,Data/AI,Onsite/Hybrid,Any
Indeed - Data Engineer in Gurgaon,https://www.indeed.com/jobs?q=data+engineer&l=gurgaon&format=rss,Indeed,search_rss,data engineer,gurgaon,India,Data/AI,Onsite/Hybrid,Any
Indeed - Data Engineer in Mumbai,https://www.indeed.com/jobs?q=data+engineer&l=mumbai&format=rss,Indeed,search_rss,data engineer,mumbai,India,Data/AI,Onsite/Hybrid,Any
Indeed - Data Engineer in Chennai,https://www.indeed.com/jobs?q=data+engineer&l=chennai&format=rss,Indeed,search_rss,data engineer,chennai,India,Data/AI,Onsite/Hybrid,Any
Indeed - Data Engineer in Kolkata,https://www.indeed.com/jobs?q=data+engineer&l=kolkata&format=rss,Indeed,search_rss,data engineer,kolkata,India,Data/AI,Onsite/Hybrid,Any
Indeed - Data Engineer in Ahmedabad,https://www.indeed.com/jobs?q=data+engineer&l=ahmedabad&format=rss,Indeed,search_rss,data engineer,ahmedabad,India,Data/AI,Onsite/Hybrid,Any
Indeed - Data Engineer in Kochi,https://www.indeed.com/jobs?q=data+engineer&l=kochi&format=rss,Indeed,search_rss,data engineer,kochi,India,Data/AI,Onsite/Hybrid,Any
Indeed - Data Engineer in Trivandrum,https://www.indeed.com/jobs?q=data+engineer&l=trivandrum&format=rss,Indeed,search_rss,data engineer,trivandrum,India,Data/AI,Onsite/Hybrid,Any
Indeed - Data Engineer in Usa,https://www.indeed.com/jobs?q=data+engineer&l=usa&format=rss,Indeed,search_rss,data engineer,usa,USA,Data/AI,Onsite/Hybrid,Any
Indeed - Data Engineer in Canada,https://www.indeed.com/jobs?q=data+engineer&l=canada&format=rss,Indeed,search_rss,data engineer,canada,Unknown,Data/AI,Onsite/Hybrid,Any
Indeed - Data Engineer in Uk,https://www.indeed.com/jobs?q=data+engineer&l=uk&format=rss,Indeed,search_rss,data engineer,uk,UK,Data/AI,Onsite/Hybrid,Any
Indeed - Data Engineer in Germany,https://www.indeed.com/jobs?q=data+engineer&l=germany&format=rss,Indeed,search_rss,data engineer,germany,Europe,Data/AI,Onsite/Hybrid,Any
Indeed - Data Engineer in Netherlands,https://www.indeed.com/jobs?q=data+engineer&l=netherlands&format=rss,Indeed,search_rss,data engineer,netherlands,Europe,Data/AI,Onsite/Hybrid,Any
Indeed - Data Engineer in Poland,https://www.indeed.com/jobs?q=data+engineer&l=poland&format=rss,Indeed,search_rss,data engineer,poland,Europe,Data/AI,Onsite/Hybrid,Any
Indeed - Data Engineer in Europe,https://www.indeed.com/jobs?q=data+engineer&l=europe&format=rss,Indeed,search_rss,data engineer,europe,Europe,Data/AI,Onsite/Hybrid,Any
Indeed - Data Engineer in Singapore,https://www.indeed.com/jobs?q=data+engineer&l=singapore&format=rss,Indeed,search_rss,data engineer,singapore,Unknown,Data/AI,Onsite/Hybrid,Any
Indeed - Data Scientist in Remote,https://www.indeed.com/jobs?q=data+scientist&l=remote&format=rss,Indeed,search_rss,data scientist,remote,Global,Data/AI,Remote,Any
Indeed - Data Scientist in India,https://www.indeed.com/jobs?q=data+scientist&l=india&format=rss,Indeed,search_rss,data scientist,india,India,Data/AI,Onsite/Hybrid,Any
Indeed - Data Scientist in Bangalore,https://www.indeed.com/jobs?q=data+scientist&l=bangalore&format=rss,Indeed,search_rss,data scientist,bangalore,India,Data/AI,Onsite/Hybrid,Any
Indeed - Data Scientist in Hyderabad,https://www.indeed.com/jobs?q=data+scientist&l=hyderabad&format=rss,Indeed,search_rss,data scientist,hyderabad,India,Data/AI,Onsite/Hybrid,Any
Indeed - Data Scientist in Pune,https://www.indeed.com/jobs?q=data+scientist&l=pune&format=rss,Indeed,search_rss,data scientist,pune,India,Data/AI,Onsite/Hybrid,Any
Indeed - Data Scientist in Delhi,https://www.indeed.com/jobs?q=data+scientist&l=delhi&format=rss,Indeed,search_rss,data scientist,delhi,India,Data/AI,Onsite/Hybrid,Any
Indeed - Data Scientist in Noida,https://www.indeed.com/jobs?q=data+scientist&l=noida&format=rss,Indeed,search_rss,data scientist,noida,India,Data/AI,Onsite/Hybrid,Any
Indeed - Data Scientist in Gurgaon,https://www.indeed.com/jobs?q=data+scientist&l=gurgaon&format=rss,Indeed,search_rss,data scientist,gurgaon,India,Data/AI,Onsite/Hybrid,Any
Indeed - Data Scientist in Mumbai,https://www.indeed.com/jobs?q=data+scientist&l=mumbai&format=rss,Indeed,search_rss,data scientist,mumbai,India,Data/AI,Onsite/Hybrid,Any
Indeed - Data Scientist in Chennai,https://www.indeed.com/jobs?q=data+scientist&l=chennai&format=rss,Indeed,search_rss,data scientist,chennai,India,Data/AI,Onsite/Hybrid,Any
Indeed - Data Scientist in Kolkata,https://www.indeed.com/jobs?q=data+scientist&l=kolkata&format=rss,Indeed,search_rss,data scientist,kolkata,India,Data/AI,Onsite/Hybrid,Any
Indeed - Data Scientist in Ahmedabad,https://www.indeed.com/jobs?q=data+scientist&l=ahmedabad&format=rss,Indeed,search_rss,data scientist,ahmedabad,India,Data/AI,Onsite/Hybrid,Any
Indeed - Data Scientist in Kochi,https://www.indeed.com/jobs?q=data+scientist&l=kochi&format=rss,Indeed,search_rss,data scientist,kochi,India,Data/AI,Onsite/Hybrid,Any
Indeed - Data Scientist in Trivandrum,https://www.indeed.com/jobs?q=data+scientist&l=trivandrum&format=rss,Indeed,search_rss,data scientist,trivandrum,India,Data/AI,Onsite/Hybrid,Any
Indeed - Data Scientist in Usa,https://www.indeed.com/jobs?q=data+scientist&l=usa&format=rss,Indeed,search_rss,data scientist,usa,USA,Data/AI,Onsite/Hybrid,Any
Indeed - Data Scientist in Canada,https://www.indeed.com/jobs?q=data+scientist&l=canada&format=rss,Indeed,search_rss,data scientist,canada,Unknown,Data/AI,Onsite/Hybrid,Any
Indeed - Data Scientist in Uk,https://www.indeed.com/jobs?q=data+scientist&l=uk&format=rss,Indeed,search_rss,data scientist,uk,UK,Data/AI,Onsite/Hybrid,Any
Indeed - Data Scientist in Germany,https://www.indeed.com/jobs?q=data+scientist&l=germany&format=rss,Indeed,search_rss,data scientist,germany,Europe,Data/AI,Onsite/Hybrid,Any
Indeed - Data Scientist in Netherlands,https://www.indeed.com/jobs?q=data+scientist&l=netherlands&format=rss,Indeed,search_rss,data scientist,netherlands,Europe,Data/AI,Onsite/Hybrid,Any
Indeed - Data Scientist in Poland,https://www.indeed.com/jobs?q=data+scientist&l=poland&format=rss,Indeed,search_rss,data scientist,poland,Europe,Data/AI,Onsite/Hybrid,Any
Indeed - Data Scientist in Europe,https://www.indeed.com/jobs?q=data+scientist&l=europe&format=rss,Indeed,search_rss,data scientist,europe,Europe,Data/AI,Onsite/Hybrid,Any
Indeed - Data Scientist in Singapore,https://www.indeed.com/jobs?q=data+scientist&l=singapore&format=rss,Indeed,search_rss,data scientist,singapore,Unknown,Data/AI,Onsite/Hybrid,Any
Indeed - Ml Engineer in Remote,https://www.indeed.com/jobs?q=ml+engineer&l=remote&format=rss,Indeed,search_rss,ml engineer,remote,Global,Data/AI,Remote,Any
Indeed - Ml Engineer in India,https://www.indeed.com/jobs?q=ml+engineer&l=india&format=rss,Indeed,search_rss,ml engineer,india,India,Data/AI,Onsite/Hybrid,Any
Indeed - Ml Engineer in Bangalore,https://www.indeed.com/jobs?q=ml+engineer&l=bangalore&format=rss,Indeed,search_rss,ml engineer,bangalore,India,Data/AI,Onsite/Hybrid,Any
Indeed - Ml Engineer in Hyderabad,https://www.indeed.com/jobs?q=ml+engineer&l=hyderabad&format=rss,Indeed,search_rss,ml engineer,hyderabad,India,Data/AI,Onsite/Hybrid,Any
Indeed - Ml Engineer in Pune,https://www.indeed.com/jobs?q=ml+engineer&l=pune&format=rss,Indeed,search_rss,ml engineer,pune,India,Data/AI,Onsite/Hybrid,Any
Indeed - Ml Engineer in Delhi,https://www.indeed.com/jobs?q=ml+engineer&l=delhi&format=rss,Indeed,search_rss,ml engineer,delhi,India,Data/AI,Onsite/Hybrid,Any
Indeed - Ml Engineer in Noida,https://www.indeed.com/jobs?q=ml+engineer&l=noida&format=rss,Indeed,search_rss,ml engineer,noida,India,Data/AI,Onsite/Hybrid,Any
Indeed - Ml Engineer in Gurgaon,https://www.indeed.com/jobs?q=ml+engineer&l=gurgaon&format=rss,Indeed,search_rss,ml engineer,gurgaon,India,Data/AI,Onsite/Hybrid,Any
Indeed - Ml Engineer in Mumbai,https://www.indeed.com/jobs?q=ml+engineer&l=mumbai&format=rss,Indeed,search_rss,ml engineer,mumbai,India,Data/AI,Onsite/Hybrid,Any
Indeed - Ml Engineer in Chennai,https://www.indeed.com/jobs?q=ml+engineer&l=chennai&format=rss,Indeed,search_rss,ml engineer,chennai,India,Data/AI,Onsite/Hybrid,Any
Indeed - Ml Engineer in Kolkata,https://www.indeed.com/jobs?q=ml+engineer&l=kolkata&format=rss,Indeed,search_rss,ml engineer,kolkata,India,Data/AI,Onsite/Hybrid,Any
Indeed - Ml Engineer in Ahmedabad,https://www.indeed.com/jobs?q=ml+engineer&l=ahmedabad&format=rss,Indeed,search_rss,ml engineer,ahmedabad,India,Data/AI,Onsite/Hybrid,Any
Indeed - Ml Engineer in Kochi,https://www.indeed.com/jobs?q=ml+engineer&l=kochi&format=rss,Indeed,search_rss,ml engineer,kochi,India,Data/AI,Onsite/Hybrid,Any
Indeed - Ml Engineer in Trivandrum,https://www.indeed.com/jobs?q=ml+engineer&l=trivandrum&format=rss,Indeed,search_rss,ml engineer,trivandrum,India,Data/AI,Onsite/Hybrid,Any
Indeed - Ml Engineer in Usa,https://www.indeed.com/jobs?q=ml+engineer&l=usa&format=rss,Indeed,search_rss,ml engineer,usa,USA,Data/AI,Onsite/Hybrid,Any
Indeed - Ml Engineer in Canada,https://www.indeed.com/jobs?q=ml+engineer&l=canada&format=rss,Indeed,search_rss,ml engineer,canada,Unknown,Data/AI,Onsite/Hybrid,Any
Indeed - Ml Engineer in Uk,https://www.indeed.com/jobs?q=ml+engineer&l=uk&format=rss,Indeed,search_rss,ml engineer,uk,UK,Data/AI,Onsite/Hybrid,Any
Indeed - Ml Engineer in Germany,https://www.indeed.com/jobs?q=ml+engineer&l=germany&format=rss,Indeed,search_rss,ml engineer,germany,Europe,Data/AI,Onsite/Hybrid,Any
Indeed - Ml Engineer in Netherlands,https://www.indeed.com/jobs?q=ml+engineer&l=netherlands&format=rss,Indeed,search_rss,ml engineer,netherlands,Europe,Data/AI,Onsite/Hybrid,Any
Indeed - Ml Engineer in Poland,https://www.indeed.com/jobs?q=ml+engineer&l=poland&format=rss,Indeed,search_rss,ml engineer,poland,Europe,Data/AI,Onsite/Hybrid,Any
Indeed - Ml Engineer in Europe,https://www.indeed.com/jobs?q=ml+engineer&l=europe&format=rss,Indeed,search_rss,ml engineer,europe,Europe,Data/AI,Onsite/Hybrid,Any
Indeed - Ml Engineer in Singapore,https://www.indeed.com/jobs?q=ml+engineer&l=singapore&format=rss,Indeed,search_rss,ml engineer,singapore,Unknown,Data/AI,Onsite/Hybrid,Any
Indeed - Ai Engineer in Remote,https://www.indeed.com/jobs?q=ai+engineer&l=remote&format=rss,Indeed,search_rss,ai engineer,remote,Global,Data/AI,Remote,Any
Indeed - Ai Engineer in India,https://www.indeed.com/jobs?q=ai+engineer&l=india&format=rss,Indeed,search_rss,ai engineer,india,India,Data/AI,Onsite/Hybrid,Any
Indeed - Ai Engineer in Bangalore,https://www.indeed.com/jobs?q=ai+engineer&l=bangalore&format=rss,Indeed,search_rss,ai engineer,bangalore,India,Data/AI,Onsite/Hybrid,Any
Indeed - Ai Engineer in Hyderabad,https://www.indeed.com/jobs?q=ai+engineer&l=hyderabad&format=rss,Indeed,search_rss,ai engineer,hyderabad,India,Data/AI,Onsite/Hybrid,Any
Indeed - Ai Engineer in Pune,https://www.indeed.com/jobs?q=ai+engineer&l=pune&format=rss,Indeed,search_rss,ai engineer,pune,India,Data/AI,Onsite/Hybrid,Any
Indeed - Ai Engineer in Delhi,https://www.indeed.com/jobs?q=ai+engineer&l=delhi&format=rss,Indeed,search_rss,ai engineer,delhi,India,Data/AI,Onsite/Hybrid,Any
Indeed - Ai Engineer in Noida,https://www.indeed.com/jobs?q=ai+engineer&l=noida&format=rss,Indeed,search_rss,ai engineer,noida,India,Data/AI,Onsite/Hybrid,Any
Indeed - Ai Engineer in Gurgaon,https://www.indeed.com/jobs?q=ai+engineer&l=gurgaon&format=rss,Indeed,search_rss,ai engineer,gurgaon,India,Data/AI,Onsite/Hybrid,Any
Indeed - Ai Engineer in Mumbai,https://www.indeed.com/jobs?q=ai+engineer&l=mumbai&format=rss,Indeed,search_rss,ai engineer,mumbai,India,Data/AI,Onsite/Hybrid,Any
Indeed - Ai Engineer in Chennai,https://www.indeed.com/jobs?q=ai+engineer&l=chennai&format=rss,Indeed,search_rss,ai engineer,chennai,India,Data/AI,Onsite/Hybrid,Any
Indeed - Ai Engineer in Kolkata,https://www.indeed.com/jobs?q=ai+engineer&l=kolkata&format=rss,Indeed,search_rss,ai engineer,kolkata,India,Data/AI,Onsite/Hybrid,Any
Indeed - Ai Engineer in Ahmedabad,https://www.indeed.com/jobs?q=ai+engineer&l=ahmedabad&format=rss,Indeed,search_rss,ai engineer,ahmedabad,India,Data/AI,Onsite/Hybrid,Any
Indeed - Ai Engineer in Kochi,https://www.indeed.com/jobs?q=ai+engineer&l=kochi&format=rss,Indeed,search_rss,ai engineer,kochi,India,Data/AI,Onsite/Hybrid,Any
Indeed - Ai Engineer in Trivandrum,https://www.indeed.com/jobs?q=ai+engineer&l=trivandrum&format=rss,Indeed,search_rss,ai engineer,trivandrum,India,Data/AI,Onsite/Hybrid,Any
Indeed - Ai Engineer in Usa,https://www.indeed.com/jobs?q=ai+engineer&l=usa&format=rss,Indeed,search_rss,ai engineer,usa,USA,Data/AI,Onsite/Hybrid,Any
Indeed - Ai Engineer in Canada,https://www.indeed.com/jobs?q=ai+engineer&l=canada&format=rss,Indeed,search_rss,ai engineer,canada,Unknown,Data/AI,Onsite/Hybrid,Any
Indeed - Ai Engineer in Uk,https://www.indeed.com/jobs?q=ai+engineer&l=uk&format=rss,Indeed,search_rss,ai engineer,uk,UK,Data/AI,Onsite/Hybrid,Any
Indeed - Ai Engineer in Germany,https://www.indeed.com/jobs?q=ai+engineer&l=germany&format=rss,Indeed,search_rss,ai engineer,germany,Europe,Data/AI,Onsite/Hybrid,Any
Indeed - Ai Engineer in Netherlands,https://www.indeed.com/jobs?q=ai+engineer&l=netherlands&format=rss,Indeed,search_rss,ai engineer,netherlands,Europe,Data/AI,Onsite/Hybrid,Any
Indeed - Ai Engineer in Poland,https://www.indeed.com/jobs?q=ai+engineer&l=poland&format=rss,Indeed,search_rss,ai engineer,poland,Europe,Data/AI,Onsite/Hybrid,Any
Indeed - Ai Engineer in Europe,https://www.indeed.com/jobs?q=ai+engineer&l=europe&format=rss,Indeed,search_rss,ai engineer,europe,Europe,Data/AI,Onsite/Hybrid,Any
Indeed - Ai Engineer in Singapore,https://www.indeed.com/jobs?q=ai+engineer&l=singapore&format=rss,Indeed,search_rss,ai engineer,singapore,Unknown,Data/AI,Onsite/Hybrid,Any
Indeed - Devops in Remote,https://www.indeed.com/jobs?q=devops&l=remote&format=rss,Indeed,search_rss,devops,remote,Global,DevOps,Remote,Any
Indeed - Devops in India,https://www.indeed.com/jobs?q=devops&l=india&format=rss,Indeed,search_rss,devops,india,India,DevOps,Onsite/Hybrid,Any
Indeed - Devops in Bangalore,https://www.indeed.com/jobs?q=devops&l=bangalore&format=rss,Indeed,search_rss,devops,bangalore,India,DevOps,Onsite/Hybrid,Any
Indeed - Devops in Hyderabad,https://www.indeed.com/jobs?q=devops&l=hyderabad&format=rss,Indeed,search_rss,devops,hyderabad,India,DevOps,Onsite/Hybrid,Any
Indeed - Devops in Pune,https://www.indeed.com/jobs?q=devops&l=pune&format=rss,Indeed,search_rss,devops,pune,India,DevOps,Onsite/Hybrid,Any
Indeed - Devops in Delhi,https://www.indeed.com/jobs?q=devops&l=delhi&format=rss,Indeed,search_rss,devops,delhi,India,DevOps,Onsite/Hybrid,Any
Indeed - Devops in Noida,https://www.indeed.com/jobs?q=devops&l=noida&format=rss,Indeed,search_rss,devops,noida,India,DevOps,Onsite/Hybrid,Any
Indeed - Devops in Gurgaon,https://www.indeed.com/jobs?q=devops&l=gurgaon&format=rss,Indeed,search_rss,devops,gurgaon,India,DevOps,Onsite/Hybrid,Any
Indeed - Devops in Mumbai,https://www.indeed.com/jobs?q=devops&l=mumbai&format=rss,Indeed,search_rss,devops,mumbai,India,DevOps,Onsite/Hybrid,Any
Indeed - Devops in Chennai,https://www.indeed.com/jobs?q=devops&l=chennai&format=rss,Indeed,search_rss,devops,chennai,India,DevOps,Onsite/Hybrid,Any
Indeed - Devops in Kolkata,https://www.indeed.com/jobs?q=devops&l=kolkata&format=rss,Indeed,search_rss,devops,kolkata,India,DevOps,Onsite/Hybrid,Any
Indeed - Devops in Ahmedabad,https://www.indeed.com/jobs?q=devops&l=ahmedabad&format=rss,Indeed,search_rss,devops,ahmedabad,India,DevOps,Onsite/Hybrid,Any
Indeed - Devops in Kochi,https://www.indeed.com/jobs?q=devops&l=kochi&format=rss,Indeed,search_rss,devops,kochi,India,DevOps,Onsite/Hybrid,Any
Indeed - Devops in Trivandrum,https://www.indeed.com/jobs?q=devops&l=trivandrum&format=rss,Indeed,search_rss,devops,trivandrum,India,DevOps,Onsite/Hybrid,Any
Indeed - Devops in Usa,https://www.indeed.com/jobs?q=devops&l=usa&format=rss,Indeed,search_rss,devops,usa,USA,DevOps,Onsite/Hybrid,Any
Indeed - Devops in Canada,https://www.indeed.com/jobs?q=devops&l=canada&format=rss,Indeed,search_rss,devops,canada,Unknown,DevOps,Onsite/Hybrid,Any
Indeed - Devops in Uk,https://www.indeed.com/jobs?q=devops&l=uk&format=rss,Indeed,search_rss,devops,uk,UK,DevOps,Onsite/Hybrid,Any
Indeed - Devops in Germany,https://www.indeed.com/jobs?q=devops&l=germany&format=rss,Indeed,search_rss,devops,germany,Europe,DevOps,Onsite/Hybrid,Any
Indeed - Devops in Netherlands,https://www.indeed.com/jobs?q=devops&l=netherlands&format=rss,Indeed,search_rss,devops,netherlands,Europe,DevOps,Onsite/Hybrid,Any
Indeed - Devops in Poland,https://www.indeed.com/jobs?q=devops&l=poland&format=rss,Indeed,search_rss,devops,poland,Europe,DevOps,Onsite/Hybrid,Any
Indeed - Devops in Europe,https://www.indeed.com/jobs?q=devops&l=europe&format=rss,Indeed,search_rss,devops,europe,Europe,DevOps,Onsite/Hybrid,Any
Indeed - Devops in Singapore,https://www.indeed.com/jobs?q=devops&l=singapore&format=rss,Indeed,search_rss,devops,singapore,Unknown,DevOps,Onsite/Hybrid,Any
Indeed - Sre in Remote,https://www.indeed.com/jobs?q=sre&l=remote&format=rss,Indeed,search_rss,sre,remote,Global,DevOps,Remote,Any
Indeed - Sre in India,https://www.indeed.com/jobs?q=sre&l=india&format=rss,Indeed,search_rss,sre,india,India,DevOps,Onsite/Hybrid,Any
Indeed - Sre in Bangalore,https://www.indeed.com/jobs?q=sre&l=bangalore&format=rss,Indeed,search_rss,sre,bangalore,India,DevOps,Onsite/Hybrid,Any
Indeed - Sre in Hyderabad,https://www.indeed.com/jobs?q=sre&l=hyderabad&format=rss,Indeed,search_rss,sre,hyderabad,India,DevOps,Onsite/Hybrid,Any
Indeed - Sre in Pune,https://www.indeed.com/jobs?q=sre&l=pune&format=rss,Indeed,search_rss,sre,pune,India,DevOps,Onsite/Hybrid,Any
Indeed - Sre in Delhi,https://www.indeed.com/jobs?q=sre&l=delhi&format=rss,Indeed,search_rss,sre,delhi,India,DevOps,Onsite/Hybrid,Any
Indeed - Sre in Noida,https://www.indeed.com/jobs?q=sre&l=noida&format=rss,Indeed,search_rss,sre,noida,India,DevOps,Onsite/Hybrid,Any
Indeed - Sre in Gurgaon,https://www.indeed.com/jobs?q=sre&l=gurgaon&format=rss,Indeed,search_rss,sre,gurgaon,India,DevOps,Onsite/Hybrid,Any
Indeed - Sre in Mumbai,https://www.indeed.com/jobs?q=sre&l=mumbai&format=rss,Indeed,search_rss,sre,mumbai,India,DevOps,Onsite/Hybrid,Any
Indeed - Sre in Chennai,https://www.indeed.com/jobs?q=sre&l=chennai&format=rss,Indeed,search_rss,sre,chennai,India,DevOps,Onsite/Hybrid,Any
Indeed - Sre in Kolkata,https://www.indeed.com/jobs?q=sre&l=kolkata&format=rss,Indeed,search_rss,sre,kolkata,India,DevOps,Onsite/Hybrid,Any
Indeed - Sre in Ahmedabad,https://www.indeed.com/jobs?q=sre&l=ahmedabad&format=rss,Indeed,search_rss,sre,ahmedabad,India,DevOps,Onsite/Hybrid,Any
Indeed - Sre in Kochi,https://www.indeed.com/jobs?q=sre&l=kochi&format=rss,Indeed,search_rss,sre,kochi,India,DevOps,Onsite/Hybrid,Any
Indeed - Sre in Trivandrum,https://www.indeed.com/jobs?q=sre&l=trivandrum&format=rss,Indeed,search_rss,sre,trivandrum,India,DevOps,Onsite/Hybrid,Any
Indeed - Sre in Usa,https://www.indeed.com/jobs?q=sre&l=usa&format=rss,Indeed,search_rss,sre,usa,USA,DevOps,Onsite/Hybrid,Any
Indeed - Sre in Canada,https://www.indeed.com/jobs?q=sre&l=canada&format=rss,Indeed,search_rss,sre,canada,Unknown,DevOps,Onsite/Hybrid,Any
Indeed - Sre in Uk,https://www.indeed.com/jobs?q=sre&l=uk&format=rss,Indeed,search_rss,sre,uk,UK,DevOps,Onsite/Hybrid,Any
Indeed - Sre in Germany,https://www.indeed.com/jobs?q=sre&l=germany&format=rss,Indeed,search_rss,sre,germany,Europe,DevOps,Onsite/Hybrid,Any
Indeed - Sre in Netherlands,https://www.indeed.com/jobs?q=sre&l=netherlands&format=rss,Indeed,search_rss,sre,netherlands,Europe,DevOps,Onsite/Hybrid,Any
Indeed - Sre in Poland,https://www.indeed.com/jobs?q=sre&l=poland&format=rss,Indeed,search_rss,sre,poland,Europe,DevOps,Onsite/Hybrid,Any
Indeed - Sre in Europe,https://www.indeed.com/jobs?q=sre&l=europe&format=rss,Indeed,search_rss,sre,europe,Europe,DevOps,Onsite/Hybrid,Any
Indeed - Sre in Singapore,https://www.indeed.com/jobs?q=sre&l=singapore&format=rss,Indeed,search_rss,sre,singapore,Unknown,DevOps,Onsite/Hybrid,Any
Indeed - Aws in Remote,https://www.indeed.com/jobs?q=aws&l=remote&format=rss,Indeed,search_rss,aws,remote,Global,DevOps,Remote,Any
Indeed - Aws in India,https://www.indeed.com/jobs?q=aws&l=india&format=rss,Indeed,search_rss,aws,india,India,DevOps,Onsite/Hybrid,Any
Indeed - Aws in Bangalore,https://www.indeed.com/jobs?q=aws&l=bangalore&format=rss,Indeed,search_rss,aws,bangalore,India,DevOps,Onsite/Hybrid,Any
Indeed - Aws in Hyderabad,https://www.indeed.com/jobs?q=aws&l=hyderabad&format=rss,Indeed,search_rss,aws,hyderabad,India,DevOps,Onsite/Hybrid,Any
Indeed - Aws in Pune,https://www.indeed.com/jobs?q=aws&l=pune&format=rss,Indeed,search_rss,aws,pune,India,DevOps,Onsite/Hybrid,Any
Indeed - Aws in Delhi,https://www.indeed.com/jobs?q=aws&l=delhi&format=rss,Indeed,search_rss,aws,delhi,India,DevOps,Onsite/Hybrid,Any
Indeed - Aws in Noida,https://www.indeed.com/jobs?q=aws&l=noida&format=rss,Indeed,search_rss,aws,noida,India,DevOps,Onsite/Hybrid,Any
Indeed - Aws in Gurgaon,https://www.indeed.com/jobs?q=aws&l=gurgaon&format=rss,Indeed,search_rss,aws,gurgaon,India,DevOps,Onsite/Hybrid,Any
Indeed - Aws in Mumbai,https://www.indeed.com/jobs?q=aws&l=mumbai&format=rss,Indeed,search_rss,aws,mumbai,India,DevOps,Onsite/Hybrid,Any
Indeed - Aws in Chennai,https://www.indeed.com/jobs?q=aws&l=chennai&format=rss,Indeed,search_rss,aws,chennai,India,DevOps,Onsite/Hybrid,Any
Indeed - Aws in Kolkata,https://www.indeed.com/jobs?q=aws&l=kolkata&format=rss,Indeed,search_rss,aws,kolkata,India,DevOps,Onsite/Hybrid,Any
Indeed - Aws in Ahmedabad,https://www.indeed.com/jobs?q=aws&l=ahmedabad&format=rss,Indeed,search_rss,aws,ahmedabad,India,DevOps,Onsite/Hybrid,Any
Indeed - Aws in Kochi,https://www.indeed.com/jobs?q=aws&l=kochi&format=rss,Indeed,search_rss,aws,kochi,India,DevOps,Onsite/Hybrid,Any
Indeed - Aws in Trivandrum,https://www.indeed.com/jobs?q=aws&l=trivandrum&format=rss,Indeed,search_rss,aws,trivandrum,India,DevOps,Onsite/Hybrid,Any
Indeed - Aws in Usa,https://www.indeed.com/jobs?q=aws&l=usa&format=rss,Indeed,search_rss,aws,usa,USA,DevOps,Onsite/Hybrid,Any
Indeed - Aws in Canada,https://www.indeed.com/jobs?q=aws&l=canada&format=rss,Indeed,search_rss,aws,canada,Unknown,DevOps,Onsite/Hybrid,Any
Indeed - Aws in Uk,https://www.indeed.com/jobs?q=aws&l=uk&format=rss,Indeed,search_rss,aws,uk,UK,DevOps,Onsite/Hybrid,Any
Indeed - Aws in Germany,https://www.indeed.com/jobs?q=aws&l=germany&format=rss,Indeed,search_rss,aws,germany,Europe,DevOps,Onsite/Hybrid,Any
Indeed - Aws in Netherlands,https://www.indeed.com/jobs?q=aws&l=netherlands&format=rss,Indeed,search_rss,aws,netherlands,Europe,DevOps,Onsite/Hybrid,Any
Indeed - Aws in Poland,https://www.indeed.com/jobs?q=aws&l=poland&format=rss,Indeed,search_rss,aws,poland,Europe,DevOps,Onsite/Hybrid,Any
Indeed - Aws in Europe,https://www.indeed.com/jobs?q=aws&l=europe&format=rss,Indeed,search_rss,aws,europe,Europe,DevOps,Onsite/Hybrid,Any
Indeed - Aws in Singapore,https://www.indeed.com/jobs?q=aws&l=singapore&format=rss,Indeed,search_rss,aws,singapore,Unknown,DevOps,Onsite/Hybrid,Any
Indeed - Gcp in Remote,https://www.indeed.com/jobs?q=gcp&l=remote&format=rss,Indeed,search_rss,gcp,remote,Global,DevOps,Remote,Any
Indeed - Gcp in India,https://www.indeed.com/jobs?q=gcp&l=india&format=rss,Indeed,search_rss,gcp,india,India,DevOps,Onsite/Hybrid,Any
Indeed - Gcp in Bangalore,https://www.indeed.com/jobs?q=gcp&l=bangalore&format=rss,Indeed,search_rss,gcp,bangalore,India,DevOps,Onsite/Hybrid,Any
Indeed - Gcp in Hyderabad,https://www.indeed.com/jobs?q=gcp&l=hyderabad&format=rss,Indeed,search_rss,gcp,hyderabad,India,DevOps,Onsite/Hybrid,Any
Indeed - Gcp in Pune,https://www.indeed.com/jobs?q=gcp&l=pune&format=rss,Indeed,search_rss,gcp,pune,India,DevOps,Onsite/Hybrid,Any
Indeed - Gcp in Delhi,https://www.indeed.com/jobs?q=gcp&l=delhi&format=rss,Indeed,search_rss,gcp,delhi,India,DevOps,Onsite/Hybrid,Any
Indeed - Gcp in Noida,https://www.indeed.com/jobs?q=gcp&l=noida&format=rss,Indeed,search_rss,gcp,noida,India,DevOps,Onsite/Hybrid,Any
Indeed - Gcp in Gurgaon,https://www.indeed.com/jobs?q=gcp&l=gurgaon&format=rss,Indeed,search_rss,gcp,gurgaon,India,DevOps,Onsite/Hybrid,Any
Indeed - Gcp in Mumbai,https://www.indeed.com/jobs?q=gcp&l=mumbai&format=rss,Indeed,search_rss,gcp,mumbai,India,DevOps,Onsite/Hybrid,Any
Indeed - Gcp in Chennai,https://www.indeed.com/jobs?q=gcp&l=chennai&format=rss,Indeed,search_rss,gcp,chennai,India,DevOps,Onsite/Hybrid,Any
Indeed - Gcp in Kolkata,https://www.indeed.com/jobs?q=gcp&l=kolkata&format=rss,Indeed,search_rss,gcp,kolkata,India,DevOps,Onsite/Hybrid,Any
Indeed - Gcp in Ahmedabad,https://www.indeed.com/jobs?q=gcp&l=ahmedabad&format=rss,Indeed,search_rss,gcp,ahmedabad,India,DevOps,Onsite/Hybrid,Any
Indeed - Gcp in Kochi,https://www.indeed.com/jobs?q=gcp&l=kochi&format=rss,Indeed,search_rss,gcp,kochi,India,DevOps,Onsite/Hybrid,Any
Indeed - Gcp in Trivandrum,https://www.indeed.com/jobs?q=gcp&l=trivandrum&format=rss,Indeed,search_rss,gcp,trivandrum,India,DevOps,Onsite/Hybrid,Any
Indeed - Gcp in Usa,https://www.indeed.com/jobs?q=gcp&l=usa&format=rss,Indeed,search_rss,gcp,usa,USA,DevOps,Onsite/Hybrid,Any
Indeed - Gcp in Canada,https://www.indeed.com/jobs?q=gcp&l=canada&format=rss,Indeed,search_rss,gcp,canada,Unknown,DevOps,Onsite/Hybrid,Any
Indeed - Gcp in Uk,https://www.indeed.com/jobs?q=gcp&l=uk&format=rss,Indeed,search_rss,gcp,uk,UK,DevOps,Onsite/Hybrid,Any
Indeed - Gcp in Germany,https://www.indeed.com/jobs?q=gcp&l=germany&format=rss,Indeed,search_rss,gcp,germany,Europe,DevOps,Onsite/Hybrid,Any
Indeed - Gcp in Netherlands,https://www.indeed.com/jobs?q=gcp&l=netherlands&format=rss,Indeed,search_rss,gcp,netherlands,Europe,DevOps,Onsite/Hybrid,Any
Indeed - Gcp in Poland,https://www.indeed.com/jobs?q=gcp&l=poland&format=rss,Indeed,search_rss,gcp,poland,Europe,DevOps,Onsite/Hybrid,Any
Indeed - Gcp in Europe,https://www.indeed.com/jobs?q=gcp&l=europe&format=rss,Indeed,search_rss,gcp,europe,Europe,DevOps,Onsite/Hybrid,Any
Indeed - Gcp in Singapore,https://www.indeed.com/jobs?q=gcp&l=singapore&format=rss,Indeed,search_rss,gcp,singapore,Unknown,DevOps,Onsite/Hybrid,Any
Indeed - Azure in Remote,https://www.indeed.com/jobs?q=azure&l=remote&format=rss,Indeed,search_rss,azure,remote,Global,DevOps,Remote,Any
Indeed - Azure in India,https://www.indeed.com/jobs?q=azure&l=india&format=rss,Indeed,search_rss,azure,india,India,DevOps,Onsite/Hybrid,Any
Indeed - Azure in Bangalore,https://www.indeed.com/jobs?q=azure&l=bangalore&format=rss,Indeed,search_rss,azure,bangalore,India,DevOps,Onsite/Hybrid,Any
Indeed - Azure in Hyderabad,https://www.indeed.com/jobs?q=azure&l=hyderabad&format=rss,Indeed,search_rss,azure,hyderabad,India,DevOps,Onsite/Hybrid,Any
Indeed - Azure in Pune,https://www.indeed.com/jobs?q=azure&l=pune&format=rss,Indeed,search_rss,azure,pune,India,DevOps,Onsite/Hybrid,Any
Indeed - Azure in Delhi,https://www.indeed.com/jobs?q=azure&l=delhi&format=rss,Indeed,search_rss,azure,delhi,India,DevOps,Onsite/Hybrid,Any
Indeed - Azure in Noida,https://www.indeed.com/jobs?q=azure&l=noida&format=rss,Indeed,search_rss,azure,noida,India,DevOps,Onsite/Hybrid,Any
Indeed - Azure in Gurgaon,https://www.indeed.com/jobs?q=azure&l=gurgaon&format=rss,Indeed,search_rss,azure,gurgaon,India,DevOps,Onsite/Hybrid,Any
Indeed - Azure in Mumbai,https://www.indeed.com/jobs?q=azure&l=mumbai&format=rss,Indeed,search_rss,azure,mumbai,India,DevOps,Onsite/Hybrid,Any
Indeed - Azure in Chennai,https://www.indeed.com/jobs?q=azure&l=chennai&format=rss,Indeed,search_rss,azure,chennai,India,DevOps,Onsite/Hybrid,Any
Indeed - Azure in Kolkata,https://www.indeed.com/jobs?q=azure&l=kolkata&format=rss,Indeed,search_rss,azure,kolkata,India,DevOps,Onsite/Hybrid,Any
Indeed - Azure in Ahmedabad,https://www.indeed.com/jobs?q=azure&l=ahmedabad&format=rss,Indeed,search_rss,azure,ahmedabad,India,DevOps,Onsite/Hybrid,Any
Indeed - Azure in Kochi,https://www.indeed.com/jobs?q=azure&l=kochi&format=rss,Indeed,search_rss,azure,kochi,India,DevOps,Onsite/Hybrid,Any
Indeed - Azure in Trivandrum,https://www.indeed.com/jobs?q=azure&l=trivandrum&format=rss,Indeed,search_rss,azure,trivandrum,India,DevOps,Onsite/Hybrid,Any
Indeed - Azure in Usa,https://www.indeed.com/jobs?q=azure&l=usa&format=rss,Indeed,search_rss,azure,usa,USA,DevOps,Onsite/Hybrid,Any
Indeed - Azure in Canada,https://www.indeed.com/jobs?q=azure&l=canada&format=rss,Indeed,search_rss,azure,canada,Unknown,DevOps,Onsite/Hybrid,Any
Indeed - Azure in Uk,https://www.indeed.com/jobs?q=azure&l=uk&format=rss,Indeed,search_rss,azure,uk,UK,DevOps,Onsite/Hybrid,Any
Indeed - Azure in Germany,https://www.indeed.com/jobs?q=azure&l=germany&format=rss,Indeed,search_rss,azure,germany,Europe,DevOps,Onsite/Hybrid,Any
Indeed - Azure in Netherlands,https://www.indeed.com/jobs?q=azure&l=netherlands&format=rss,Indeed,search_rss,azure,netherlands,Europe,DevOps,Onsite/Hybrid,Any
Indeed - Azure in Poland,https://www.indeed.com/jobs?q=azure&l=poland&format=rss,Indeed,search_rss,azure,poland,Europe,DevOps,Onsite/Hybrid,Any
Indeed - Azure in Europe,https://www.indeed.com/jobs?q=azure&l=europe&format=rss,Indeed,search_rss,azure,europe,Europe,DevOps,Onsite/Hybrid,Any
Indeed - Azure in Singapore,https://www.indeed.com/jobs?q=azure&l=singapore&format=rss,Indeed,search_rss,azure,singapore,Unknown,DevOps,Onsite/Hybrid,Any
Indeed - Kubernetes in Remote,https://www.indeed.com/jobs?q=kubernetes&l=remote&format=rss,Indeed,search_rss,kubernetes,remote,Global,DevOps,Remote,Any
Indeed - Kubernetes in India,https://www.indeed.com/jobs?q=kubernetes&l=india&format=rss,Indeed,search_rss,kubernetes,india,India,DevOps,Onsite/Hybrid,Any
Indeed - Kubernetes in Bangalore,https://www.indeed.com/jobs?q=kubernetes&l=bangalore&format=rss,Indeed,search_rss,kubernetes,bangalore,India,DevOps,Onsite/Hybrid,Any
Indeed - Kubernetes in Hyderabad,https://www.indeed.com/jobs?q=kubernetes&l=hyderabad&format=rss,Indeed,search_rss,kubernetes,hyderabad,India,DevOps,Onsite/Hybrid,Any
Indeed - Kubernetes in Pune,https://www.indeed.com/jobs?q=kubernetes&l=pune&format=rss,Indeed,search_rss,kubernetes,pune,India,DevOps,Onsite/Hybrid,Any
Indeed - Kubernetes in Delhi,https://www.indeed.com/jobs?q=kubernetes&l=delhi&format=rss,Indeed,search_rss,kubernetes,delhi,India,DevOps,Onsite/Hybrid,Any
Indeed - Kubernetes in Noida,https://www.indeed.com/jobs?q=kubernetes&l=noida&format=rss,Indeed,search_rss,kubernetes,noida,India,DevOps,Onsite/Hybrid,Any
Indeed - Kubernetes in Gurgaon,https://www.indeed.com/jobs?q=kubernetes&l=gurgaon&format=rss,Indeed,search_rss,kubernetes,gurgaon,India,DevOps,Onsite/Hybrid,Any
Indeed - Kubernetes in Mumbai,https://www.indeed.com/jobs?q=kubernetes&l=mumbai&format=rss,Indeed,search_rss,kubernetes,mumbai,India,DevOps,Onsite/Hybrid,Any
Indeed - Kubernetes in Chennai,https://www.indeed.com/jobs?q=kubernetes&l=chennai&format=rss,Indeed,search_rss,kubernetes,chennai,India,DevOps,Onsite/Hybrid,Any
Indeed - Kubernetes in Kolkata,https://www.indeed.com/jobs?q=kubernetes&l=kolkata&format=rss,Indeed,search_rss,kubernetes,kolkata,India,DevOps,Onsite/Hybrid,Any
Indeed - Kubernetes in Ahmedabad,https://www.indeed.com/jobs?q=kubernetes&l=ahmedabad&format=rss,Indeed,search_rss,kubernetes,ahmedabad,India,DevOps,Onsite/Hybrid,Any
Indeed - Kubernetes in Kochi,https://www.indeed.com/jobs?q=kubernetes&l=kochi&format=rss,Indeed,search_rss,kubernetes,kochi,India,DevOps,Onsite/Hybrid,Any
Indeed - Kubernetes in Trivandrum,https://www.indeed.com/jobs?q=kubernetes&l=trivandrum&format=rss,Indeed,search_rss,kubernetes,trivandrum,India,DevOps,Onsite/Hybrid,Any
Indeed - Kubernetes in Usa,https://www.indeed.com/jobs?q=kubernetes&l=usa&format=rss,Indeed,search_rss,kubernetes,usa,USA,DevOps,Onsite/Hybrid,Any
Indeed - Kubernetes in Canada,https://www.indeed.com/jobs?q=kubernetes&l=canada&format=rss,Indeed,search_rss,kubernetes,canada,Unknown,DevOps,Onsite/Hybrid,Any
Indeed - Kubernetes in Uk,https://www.indeed.com/jobs?q=kubernetes&l=uk&format=rss,Indeed,search_rss,kubernetes,uk,UK,DevOps,Onsite/Hybrid,Any
Indeed - Kubernetes in Germany,https://www.indeed.com/jobs?q=kubernetes&l=germany&format=rss,Indeed,search_rss,kubernetes,germany,Europe,DevOps,Onsite/Hybrid,Any
Indeed - Kubernetes in Netherlands,https://www.indeed.com/jobs?q=kubernetes&l=netherlands&format=rss,Indeed,search_rss,kubernetes,netherlands,Europe,DevOps,Onsite/Hybrid,Any
Indeed - Kubernetes in Poland,https://www.indeed.com/jobs?q=kubernetes&l=poland&format=rss,Indeed,search_rss,kubernetes,poland,Europe,DevOps,Onsite/Hybrid,Any
Indeed - Kubernetes in Europe,https://www.indeed.com/jobs?q=kubernetes&l=europe&format=rss,Indeed,search_rss,kubernetes,europe,Europe,DevOps,Onsite/Hybrid,Any
Indeed - Kubernetes in Singapore,https://www.indeed.com/jobs?q=kubernetes&l=singapore&format=rss,Indeed,search_rss,kubernetes,singapore,Unknown,DevOps,Onsite/Hybrid,Any
Indeed - Docker in Remote,https://www.indeed.com/jobs?q=docker&l=remote&format=rss,Indeed,search_rss,docker,remote,Global,DevOps,Remote,Any
Indeed - Docker in India,https://www.indeed.com/jobs?q=docker&l=india&format=rss,Indeed,search_rss,docker,india,India,DevOps,Onsite/Hybrid,Any
Indeed - Docker in Bangalore,https://www.indeed.com/jobs?q=docker&l=bangalore&format=rss,Indeed,search_rss,docker,bangalore,India,DevOps,Onsite/Hybrid,Any
Indeed - Docker in Hyderabad,https://www.indeed.com/jobs?q=docker&l=hyderabad&format=rss,Indeed,search_rss,docker,hyderabad,India,DevOps,Onsite/Hybrid,Any
Indeed - Docker in Pune,https://www.indeed.com/jobs?q=docker&l=pune&format=rss,Indeed,search_rss,docker,pune,India,DevOps,Onsite/Hybrid,Any
Indeed - Docker in Delhi,https://www.indeed.com/jobs?q=docker&l=delhi&format=rss,Indeed,search_rss,docker,delhi,India,DevOps,Onsite/Hybrid,Any
Indeed - Docker in Noida,https://www.indeed.com/jobs?q=docker&l=noida&format=rss,Indeed,search_rss,docker,noida,India,DevOps,Onsite/Hybrid,Any
Indeed - Docker in Gurgaon,https://www.indeed.com/jobs?q=docker&l=gurgaon&format=rss,Indeed,search_rss,docker,gurgaon,India,DevOps,Onsite/Hybrid,Any
Indeed - Docker in Mumbai,https://www.indeed.com/jobs?q=docker&l=mumbai&format=rss,Indeed,search_rss,docker,mumbai,India,DevOps,Onsite/Hybrid,Any
Indeed - Docker in Chennai,https://www.indeed.com/jobs?q=docker&l=chennai&format=rss,Indeed,search_rss,docker,chennai,India,DevOps,Onsite/Hybrid,Any
Indeed - Docker in Kolkata,https://www.indeed.com/jobs?q=docker&l=kolkata&format=rss,Indeed,search_rss,docker,kolkata,India,DevOps,Onsite/Hybrid,Any
Indeed - Docker in Ahmedabad,https://www.indeed.com/jobs?q=docker&l=ahmedabad&format=rss,Indeed,search_rss,docker,ahmedabad,India,DevOps,Onsite/Hybrid,Any
Indeed - Docker in Kochi,https://www.indeed.com/jobs?q=docker&l=kochi&format=rss,Indeed,search_rss,docker,kochi,India,DevOps,Onsite/Hybrid,Any
Indeed - Docker in Trivandrum,https://www.indeed.com/jobs?q=docker&l=trivandrum&format=rss,Indeed,search_rss,docker,trivandrum,India,DevOps,Onsite/Hybrid,Any
Indeed - Docker in Usa,https://www.indeed.com/jobs?q=docker&l=usa&format=rss,Indeed,search_rss,docker,usa,USA,DevOps,Onsite/Hybrid,Any
Indeed - Docker in Canada,https://www.indeed.com/jobs?q=docker&l=canada&format=rss,Indeed,search_rss,docker,canada,Unknown,DevOps,Onsite/Hybrid,Any
Indeed - Docker in Uk,https://www.indeed.com/jobs?q=docker&l=uk&format=rss,Indeed,search_rss,docker,uk,UK,DevOps,Onsite/Hybrid,Any
Indeed - Docker in Germany,https://www.indeed.com/jobs?q=docker&l=germany&format=rss,Indeed,search_rss,docker,germany,Europe,DevOps,Onsite/Hybrid,Any
Indeed - Docker in Netherlands,https://www.indeed.com/jobs?q=docker&l=netherlands&format=rss,Indeed,search_rss,docker,netherlands,Europe,DevOps,Onsite/Hybrid,Any
Indeed - Docker in Poland,https://www.indeed.com/jobs?q=docker&l=poland&format=rss,Indeed,search_rss,docker,poland,Europe,DevOps,Onsite/Hybrid,Any
Indeed - Docker in Europe,https://www.indeed.com/jobs?q=docker&l=europe&format=rss,Indeed,search_rss,docker,europe,Europe,DevOps,Onsite/Hybrid,Any
Indeed - Docker in Singapore,https://www.indeed.com/jobs?q=docker&l=singapore&format=rss,Indeed,search_rss,docker,singapore,Unknown,DevOps,Onsite/Hybrid,Any
Indeed - Terraform in Remote,https://www.indeed.com/jobs?q=terraform&l=remote&format=rss,Indeed,search_rss,terraform,remote,Global,General,Remote,Any
Indeed - Terraform in India,https://www.indeed.com/jobs?q=terraform&l=india&format=rss,Indeed,search_rss,terraform,india,India,General,Onsite/Hybrid,Any
Indeed - Terraform in Bangalore,https://www.indeed.com/jobs?q=terraform&l=bangalore&format=rss,Indeed,search_rss,terraform,bangalore,India,General,Onsite/Hybrid,Any
Indeed - Terraform in Hyderabad,https://www.indeed.com/jobs?q=terraform&l=hyderabad&format=rss,Indeed,search_rss,terraform,hyderabad,India,General,Onsite/Hybrid,Any
Indeed - Terraform in Pune,https://www.indeed.com/jobs?q=terraform&l=pune&format=rss,Indeed,search_rss,terraform,pune,India,General,Onsite/Hybrid,Any
Indeed - Terraform in Delhi,https://www.indeed.com/jobs?q=terraform&l=delhi&format=rss,Indeed,search_rss,terraform,delhi,India,General,Onsite/Hybrid,Any
Indeed - Terraform in Noida,https://www.indeed.com/jobs?q=terraform&l=noida&format=rss,Indeed,search_rss,terraform,noida,India,General,Onsite/Hybrid,Any
Indeed - Terraform in Gurgaon,https://www.indeed.com/jobs?q=terraform&l=gurgaon&format=rss,Indeed,search_rss,terraform,gurgaon,India,General,Onsite/Hybrid,Any
Indeed - Terraform in Mumbai,https://www.indeed.com/jobs?q=terraform&l=mumbai&format=rss,Indeed,search_rss,terraform,mumbai,India,General,Onsite/Hybrid,Any
Indeed - Terraform in Chennai,https://www.indeed.com/jobs?q=terraform&l=chennai&format=rss,Indeed,search_rss,terraform,chennai,India,General,Onsite/Hybrid,Any
Indeed - Terraform in Kolkata,https://www.indeed.com/jobs?q=terraform&l=kolkata&format=rss,Indeed,search_rss,terraform,kolkata,India,General,Onsite/Hybrid,Any
Indeed - Terraform in Ahmedabad,https://www.indeed.com/jobs?q=terraform&l=ahmedabad&format=rss,Indeed,search_rss,terraform,ahmedabad,India,General,Onsite/Hybrid,Any
Indeed - Terraform in Kochi,https://www.indeed.com/jobs?q=terraform&l=kochi&format=rss,Indeed,search_rss,terraform,kochi,India,General,Onsite/Hybrid,Any
Indeed - Terraform in Trivandrum,https://www.indeed.com/jobs?q=terraform&l=trivandrum&format=rss,Indeed,search_rss,terraform,trivandrum,India,General,Onsite/Hybrid,Any
Indeed - Terraform in Usa,https://www.indeed.com/jobs?q=terraform&l=usa&format=rss,Indeed,search_rss,terraform,usa,USA,General,Onsite/Hybrid,Any
Indeed - Terraform in Canada,https://www.indeed.com/jobs?q=terraform&l=canada&format=rss,Indeed,search_rss,terraform,canada,Unknown,General,Onsite/Hybrid,Any
Indeed - Terraform in Uk,https://www.indeed.com/jobs?q=terraform&l=uk&format=rss,Indeed,search_rss,terraform,uk,UK,General,Onsite/Hybrid,Any
Indeed - Terraform in Germany,https://www.indeed.com/jobs?q=terraform&l=germany&format=rss,Indeed,search_rss,terraform,germany,Europe,General,Onsite/Hybrid,Any
Indeed - Terraform in Netherlands,https://www.indeed.com/jobs?q=terraform&l=netherlands&format=rss,Indeed,search_rss,terraform,netherlands,Europe,General,Onsite/Hybrid,Any
Indeed - Terraform in Poland,https://www.indeed.com/jobs?q=terraform&l=poland&format=rss,Indeed,search_rss,terraform,poland,Europe,General,Onsite/Hybrid,Any
Indeed - Terraform in Europe,https://www.indeed.com/jobs?q=terraform&l=europe&format=rss,Indeed,search_rss,terraform,europe,Europe,General,Onsite/Hybrid,Any
Indeed - Terraform in Singapore,https://www.indeed.com/jobs?q=terraform&l=singapore&format=rss,Indeed,search_rss,terraform,singapore,Unknown,General,Onsite/Hybrid,Any
Indeed - Mobile Developer in Remote,https://www.indeed.com/jobs?q=mobile+developer&l=remote&format=rss,Indeed,search_rss,mobile developer,remote,Global,Mobile,Remote,Any
Indeed - Mobile Developer in India,https://www.indeed.com/jobs?q=mobile+developer&l=india&format=rss,Indeed,search_rss,mobile developer,india,India,Mobile,Onsite/Hybrid,Any
Indeed - Mobile Developer in Bangalore,https://www.indeed.com/jobs?q=mobile+developer&l=bangalore&format=rss,Indeed,search_rss,mobile developer,bangalore,India,Mobile,Onsite/Hybrid,Any
Indeed - Mobile Developer in Hyderabad,https://www.indeed.com/jobs?q=mobile+developer&l=hyderabad&format=rss,Indeed,search_rss,mobile developer,hyderabad,India,Mobile,Onsite/Hybrid,Any
Indeed - Mobile Developer in Pune,https://www.indeed.com/jobs?q=mobile+developer&l=pune&format=rss,Indeed,search_rss,mobile developer,pune,India,Mobile,Onsite/Hybrid,Any
Indeed - Mobile Developer in Delhi,https://www.indeed.com/jobs?q=mobile+developer&l=delhi&format=rss,Indeed,search_rss,mobile developer,delhi,India,Mobile,Onsite/Hybrid,Any
Indeed - Mobile Developer in Noida,https://www.indeed.com/jobs?q=mobile+developer&l=noida&format=rss,Indeed,search_rss,mobile developer,noida,India,Mobile,Onsite/Hybrid,Any
Indeed - Mobile Developer in Gurgaon,https://www.indeed.com/jobs?q=mobile+developer&l=gurgaon&format=rss,Indeed,search_rss,mobile developer,gurgaon,India,Mobile,Onsite/Hybrid,Any
Indeed - Mobile Developer in Mumbai,https://www.indeed.com/jobs?q=mobile+developer&l=mumbai&format=rss,Indeed,search_rss,mobile developer,mumbai,India,Mobile,Onsite/Hybrid,Any
Indeed - Mobile Developer in Chennai,https://www.indeed.com/jobs?q=mobile+developer&l=chennai&format=rss,Indeed,search_rss,mobile developer,chennai,India,Mobile,Onsite/Hybrid,Any
Indeed - Mobile Developer in Kolkata,https://www.indeed.com/jobs?q=mobile+developer&l=kolkata&format=rss,Indeed,search_rss,mobile developer,kolkata,India,Mobile,Onsite/Hybrid,Any
Indeed - Mobile Developer in Ahmedabad,https://www.indeed.com/jobs?q=mobile+developer&l=ahmedabad&format=rss,Indeed,search_rss,mobile developer,ahmedabad,India,Mobile,Onsite/Hybrid,Any
Indeed - Mobile Developer in Kochi,https://www.indeed.com/jobs?q=mobile+developer&l=kochi&format=rss,Indeed,search_rss,mobile developer,kochi,India,Mobile,Onsite/Hybrid,Any
Indeed - Mobile Developer in Trivandrum,https://www.indeed.com/jobs?q=mobile+developer&l=trivandrum&format=rss,Indeed,search_rss,mobile developer,trivandrum,India,Mobile,Onsite/Hybrid,Any
Indeed - Mobile Developer in Usa,https://www.indeed.com/jobs?q=mobile+developer&l=usa&format=rss,Indeed,search_rss,mobile developer,usa,USA,Mobile,Onsite/Hybrid,Any
Indeed - Mobile Developer in Canada,https://www.indeed.com/jobs?q=mobile+developer&l=canada&format=rss,Indeed,search_rss,mobile developer,canada,Unknown,Mobile,Onsite/Hybrid,Any
Indeed - Mobile Developer in Uk,https://www.indeed.com/jobs?q=mobile+developer&l=uk&format=rss,Indeed,search_rss,mobile developer,uk,UK,Mobile,Onsite/Hybrid,Any
Indeed - Mobile Developer in Germany,https://www.indeed.com/jobs?q=mobile+developer&l=germany&format=rss,Indeed,search_rss,mobile developer,germany,Europe,Mobile,Onsite/Hybrid,Any
Indeed - Mobile Developer in Netherlands,https://www.indeed.com/jobs?q=mobile+developer&l=netherlands&format=rss,Indeed,search_rss,mobile developer,netherlands,Europe,Mobile,Onsite/Hybrid,Any
Indeed - Mobile Developer in Poland,https://www.indeed.com/jobs?q=mobile+developer&l=poland&format=rss,Indeed,search_rss,mobile developer,poland,Europe,Mobile,Onsite/Hybrid,Any
Indeed - Mobile Developer in Europe,https://www.indeed.com/jobs?q=mobile+developer&l=europe&format=rss,Indeed,search_rss,mobile developer,europe,Europe,Mobile,Onsite/Hybrid,Any
Indeed - Mobile Developer in Singapore,https://www.indeed.com/jobs?q=mobile+developer&l=singapore&format=rss,Indeed,search_rss,mobile developer,singapore,Unknown,Mobile,Onsite/Hybrid,Any
Indeed - Android in Remote,https://www.indeed.com/jobs?q=android&l=remote&format=rss,Indeed,search_rss,android,remote,Global,Mobile,Remote,Any
Indeed - Android in India,https://www.indeed.com/jobs?q=android&l=india&format=rss,Indeed,search_rss,android,india,India,Mobile,Onsite/Hybrid,Any
Indeed - Android in Bangalore,https://www.indeed.com/jobs?q=android&l=bangalore&format=rss,Indeed,search_rss,android,bangalore,India,Mobile,Onsite/Hybrid,Any
Indeed - Android in Hyderabad,https://www.indeed.com/jobs?q=android&l=hyderabad&format=rss,Indeed,search_rss,android,hyderabad,India,Mobile,Onsite/Hybrid,Any
Indeed - Android in Pune,https://www.indeed.com/jobs?q=android&l=pune&format=rss,Indeed,search_rss,android,pune,India,Mobile,Onsite/Hybrid,Any
Indeed - Android in Delhi,https://www.indeed.com/jobs?q=android&l=delhi&format=rss,Indeed,search_rss,android,delhi,India,Mobile,Onsite/Hybrid,Any
Indeed - Android in Noida,https://www.indeed.com/jobs?q=android&l=noida&format=rss,Indeed,search_rss,android,noida,India,Mobile,Onsite/Hybrid,Any
Indeed - Android in Gurgaon,https://www.indeed.com/jobs?q=android&l=gurgaon&format=rss,Indeed,search_rss,android,gurgaon,India,Mobile,Onsite/Hybrid,Any
Indeed - Android in Mumbai,https://www.indeed.com/jobs?q=android&l=mumbai&format=rss,Indeed,search_rss,android,mumbai,India,Mobile,Onsite/Hybrid,Any
Indeed - Android in Chennai,https://www.indeed.com/jobs?q=android&l=chennai&format=rss,Indeed,search_rss,android,chennai,India,Mobile,Onsite/Hybrid,Any
Indeed - Android in Kolkata,https://www.indeed.com/jobs?q=android&l=kolkata&format=rss,Indeed,search_rss,android,kolkata,India,Mobile,Onsite/Hybrid,Any
Indeed - Android in Ahmedabad,https://www.indeed.com/jobs?q=android&l=ahmedabad&format=rss,Indeed,search_rss,android,ahmedabad,India,Mobile,Onsite/Hybrid,Any
Indeed - Android in Kochi,https://www.indeed.com/jobs?q=android&l=kochi&format=rss,Indeed,search_rss,android,kochi,India,Mobile,Onsite/Hybrid,Any
Indeed - Android in Trivandrum,https://www.indeed.com/jobs?q=android&l=trivandrum&format=rss,Indeed,search_rss,android,trivandrum,India,Mobile,Onsite/Hybrid,Any
Indeed - Android in Usa,https://www.indeed.com/jobs?q=android&l=usa&format=rss,Indeed,search_rss,android,usa,USA,Mobile,Onsite/Hybrid,Any
Indeed - Android in Canada,https://www.indeed.com/jobs?q=android&l=canada&format=rss,Indeed,search_rss,android,canada,Unknown,Mobile,Onsite/Hybrid,Any
Indeed - Android in Uk,https://www.indeed.com/jobs?q=android&l=uk&format=rss,Indeed,search_rss,android,uk,UK,Mobile,Onsite/Hybrid,Any
Indeed - Android in Germany,https://www.indeed.com/jobs?q=android&l=germany&format=rss,Indeed,search_rss,android,germany,Europe,Mobile,Onsite/Hybrid,Any
Indeed - Android in Netherlands,https://www.indeed.com/jobs?q=android&l=netherlands&format=rss,Indeed,search_rss,android,netherlands,Europe,Mobile,Onsite/Hybrid,Any
Indeed - Android in Poland,https://www.indeed.com/jobs?q=android&l=poland&format=rss,Indeed,search_rss,android,poland,Europe,Mobile,Onsite/Hybrid,Any
Indeed - Android in Europe,https://www.indeed.com/jobs?q=android&l=europe&format=rss,Indeed,search_rss,android,europe,Europe,Mobile,Onsite/Hybrid,Any
Indeed - Android in Singapore,https://www.indeed.com/jobs?q=android&l=singapore&format=rss,Indeed,search_rss,android,singapore,Unknown,Mobile,Onsite/Hybrid,Any
Indeed - Ios in Remote,https://www.indeed.com/jobs?q=ios&l=remote&format=rss,Indeed,search_rss,ios,remote,Global,Mobile,Remote,Any
Indeed - Ios in India,https://www.indeed.com/jobs?q=ios&l=india&format=rss,Indeed,search_rss,ios,india,India,Mobile,Onsite/Hybrid,Any
Indeed - Ios in Bangalore,https://www.indeed.com/jobs?q=ios&l=bangalore&format=rss,Indeed,search_rss,ios,bangalore,India,Mobile,Onsite/Hybrid,Any
Indeed - Ios in Hyderabad,https://www.indeed.com/jobs?q=ios&l=hyderabad&format=rss,Indeed,search_rss,ios,hyderabad,India,Mobile,Onsite/Hybrid,Any
Indeed - Ios in Pune,https://www.indeed.com/jobs?q=ios&l=pune&format=rss,Indeed,search_rss,ios,pune,India,Mobile,Onsite/Hybrid,Any
Indeed - Ios in Delhi,https://www.indeed.com/jobs?q=ios&l=delhi&format=rss,Indeed,search_rss,ios,delhi,India,Mobile,Onsite/Hybrid,Any
Indeed - Ios in Noida,https://www.indeed.com/jobs?q=ios&l=noida&format=rss,Indeed,search_rss,ios,noida,India,Mobile,Onsite/Hybrid,Any
Indeed - Ios in Gurgaon,https://www.indeed.com/jobs?q=ios&l=gurgaon&format=rss,Indeed,search_rss,ios,gurgaon,India,Mobile,Onsite/Hybrid,Any
Indeed - Ios in Mumbai,https://www.indeed.com/jobs?q=ios&l=mumbai&format=rss,Indeed,search_rss,ios,mumbai,India,Mobile,Onsite/Hybrid,Any
Indeed - Ios in Chennai,https://www.indeed.com/jobs?q=ios&l=chennai&format=rss,Indeed,search_rss,ios,chennai,India,Mobile,Onsite/Hybrid,Any
Indeed - Ios in Kolkata,https://www.indeed.com/jobs?q=ios&l=kolkata&format=rss,Indeed,search_rss,ios,kolkata,India,Mobile,Onsite/Hybrid,Any
Indeed - Ios in Ahmedabad,https://www.indeed.com/jobs?q=ios&l=ahmedabad&format=rss,Indeed,search_rss,ios,ahmedabad,India,Mobile,Onsite/Hybrid,Any
Indeed - Ios in Kochi,https://www.indeed.com/jobs?q=ios&l=kochi&format=rss,Indeed,search_rss,ios,kochi,India,Mobile,Onsite/Hybrid,Any
Indeed - Ios in Trivandrum,https://www.indeed.com/jobs?q=ios&l=trivandrum&format=rss,Indeed,search_rss,ios,trivandrum,India,Mobile,Onsite/Hybrid,Any
Indeed - Ios in Usa,https://www.indeed.com/jobs?q=ios&l=usa&format=rss,Indeed,search_rss,ios,usa,USA,Mobile,Onsite/Hybrid,Any
Indeed - Ios in Canada,https://www.indeed.com/jobs?q=ios&l=canada&format=rss,Indeed,search_rss,ios,canada,Unknown,Mobile,Onsite/Hybrid,Any
Indeed - Ios in Uk,https://www.indeed.com/jobs?q=ios&l=uk&format=rss,Indeed,search_rss,ios,uk,UK,Mobile,Onsite/Hybrid,Any
Indeed - Ios in Germany,https://www.indeed.com/jobs?q=ios&l=germany&format=rss,Indeed,search_rss,ios,germany,Europe,Mobile,Onsite/Hybrid,Any
Indeed - Ios in Netherlands,https://www.indeed.com/jobs?q=ios&l=netherlands&format=rss,Indeed,search_rss,ios,netherlands,Europe,Mobile,Onsite/Hybrid,Any
Indeed - Ios in Poland,https://www.indeed.com/jobs?q=ios&l=poland&format=rss,Indeed,search_rss,ios,poland,Europe,Mobile,Onsite/Hybrid,Any
Indeed - Ios in Europe,https://www.indeed.com/jobs?q=ios&l=europe&format=rss,Indeed,search_rss,ios,europe,Europe,Mobile,Onsite/Hybrid,Any
Indeed - Ios in Singapore,https://www.indeed.com/jobs?q=ios&l=singapore&format=rss,Indeed,search_rss,ios,singapore,Unknown,Mobile,Onsite/Hybrid,Any
Indeed - Flutter in Remote,https://www.indeed.com/jobs?q=flutter&l=remote&format=rss,Indeed,search_rss,flutter,remote,Global,Mobile,Remote,Any
Indeed - Flutter in India,https://www.indeed.com/jobs?q=flutter&l=india&format=rss,Indeed,search_rss,flutter,india,India,Mobile,Onsite/Hybrid,Any
Indeed - Flutter in Bangalore,https://www.indeed.com/jobs?q=flutter&l=bangalore&format=rss,Indeed,search_rss,flutter,bangalore,India,Mobile,Onsite/Hybrid,Any
Indeed - Flutter in Hyderabad,https://www.indeed.com/jobs?q=flutter&l=hyderabad&format=rss,Indeed,search_rss,flutter,hyderabad,India,Mobile,Onsite/Hybrid,Any
Indeed - Flutter in Pune,https://www.indeed.com/jobs?q=flutter&l=pune&format=rss,Indeed,search_rss,flutter,pune,India,Mobile,Onsite/Hybrid,Any
Indeed - Flutter in Delhi,https://www.indeed.com/jobs?q=flutter&l=delhi&format=rss,Indeed,search_rss,flutter,delhi,India,Mobile,Onsite/Hybrid,Any
Indeed - Flutter in Noida,https://www.indeed.com/jobs?q=flutter&l=noida&format=rss,Indeed,search_rss,flutter,noida,India,Mobile,Onsite/Hybrid,Any
Indeed - Flutter in Gurgaon,https://www.indeed.com/jobs?q=flutter&l=gurgaon&format=rss,Indeed,search_rss,flutter,gurgaon,India,Mobile,Onsite/Hybrid,Any
Indeed - Flutter in Mumbai,https://www.indeed.com/jobs?q=flutter&l=mumbai&format=rss,Indeed,search_rss,flutter,mumbai,India,Mobile,Onsite/Hybrid,Any
Indeed - Flutter in Chennai,https://www.indeed.com/jobs?q=flutter&l=chennai&format=rss,Indeed,search_rss,flutter,chennai,India,Mobile,Onsite/Hybrid,Any
Indeed - Flutter in Kolkata,https://www.indeed.com/jobs?q=flutter&l=kolkata&format=rss,Indeed,search_rss,flutter,kolkata,India,Mobile,Onsite/Hybrid,Any
Indeed - Flutter in Ahmedabad,https://www.indeed.com/jobs?q=flutter&l=ahmedabad&format=rss,Indeed,search_rss,flutter,ahmedabad,India,Mobile,Onsite/Hybrid,Any
Indeed - Flutter in Kochi,https://www.indeed.com/jobs?q=flutter&l=kochi&format=rss,Indeed,search_rss,flutter,kochi,India,Mobile,Onsite/Hybrid,Any
Indeed - Flutter in Trivandrum,https://www.indeed.com/jobs?q=flutter&l=trivandrum&format=rss,Indeed,search_rss,flutter,trivandrum,India,Mobile,Onsite/Hybrid,Any
Indeed - Flutter in Usa,https://www.indeed.com/jobs?q=flutter&l=usa&format=rss,Indeed,search_rss,flutter,usa,USA,Mobile,Onsite/Hybrid,Any
Indeed - Flutter in Canada,https://www.indeed.com/jobs?q=flutter&l=canada&format=rss,Indeed,search_rss,flutter,canada,Unknown,Mobile,Onsite/Hybrid,Any
Indeed - Flutter in Uk,https://www.indeed.com/jobs?q=flutter&l=uk&format=rss,Indeed,search_rss,flutter,uk,UK,Mobile,Onsite/Hybrid,Any
Indeed - Flutter in Germany,https://www.indeed.com/jobs?q=flutter&l=germany&format=rss,Indeed,search_rss,flutter,germany,Europe,Mobile,Onsite/Hybrid,Any
Indeed - Flutter in Netherlands,https://www.indeed.com/jobs?q=flutter&l=netherlands&format=rss,Indeed,search_rss,flutter,netherlands,Europe,Mobile,Onsite/Hybrid,Any
Indeed - Flutter in Poland,https://www.indeed.com/jobs?q=flutter&l=poland&format=rss,Indeed,search_rss,flutter,poland,Europe,Mobile,Onsite/Hybrid,Any
Indeed - Flutter in Europe,https://www.indeed.com/jobs?q=flutter&l=europe&format=rss,Indeed,search_rss,flutter,europe,Europe,Mobile,Onsite/Hybrid,Any
Indeed - Flutter in Singapore,https://www.indeed.com/jobs?q=flutter&l=singapore&format=rss,Indeed,search_rss,flutter,singapore,Unknown,Mobile,Onsite/Hybrid,Any
Indeed - React Native in Remote,https://www.indeed.com/jobs?q=react+native&l=remote&format=rss,Indeed,search_rss,react native,remote,Global,Frontend,Remote,Any
Indeed - React Native in India,https://www.indeed.com/jobs?q=react+native&l=india&format=rss,Indeed,search_rss,react native,india,India,Frontend,Onsite/Hybrid,Any
Indeed - React Native in Bangalore,https://www.indeed.com/jobs?q=react+native&l=bangalore&format=rss,Indeed,search_rss,react native,bangalore,India,Frontend,Onsite/Hybrid,Any
Indeed - React Native in Hyderabad,https://www.indeed.com/jobs?q=react+native&l=hyderabad&format=rss,Indeed,search_rss,react native,hyderabad,India,Frontend,Onsite/Hybrid,Any
Indeed - React Native in Pune,https://www.indeed.com/jobs?q=react+native&l=pune&format=rss,Indeed,search_rss,react native,pune,India,Frontend,Onsite/Hybrid,Any
Indeed - React Native in Delhi,https://www.indeed.com/jobs?q=react+native&l=delhi&format=rss,Indeed,search_rss,react native,delhi,India,Frontend,Onsite/Hybrid,Any
Indeed - React Native in Noida,https://www.indeed.com/jobs?q=react+native&l=noida&format=rss,Indeed,search_rss,react native,noida,India,Frontend,Onsite/Hybrid,Any
Indeed - React Native in Gurgaon,https://www.indeed.com/jobs?q=react+native&l=gurgaon&format=rss,Indeed,search_rss,react native,gurgaon,India,Frontend,Onsite/Hybrid,Any
Indeed - React Native in Mumbai,https://www.indeed.com/jobs?q=react+native&l=mumbai&format=rss,Indeed,search_rss,react native,mumbai,India,Frontend,Onsite/Hybrid,Any
Indeed - React Native in Chennai,https://www.indeed.com/jobs?q=react+native&l=chennai&format=rss,Indeed,search_rss,react native,chennai,India,Frontend,Onsite/Hybrid,Any
Indeed - React Native in Kolkata,https://www.indeed.com/jobs?q=react+native&l=kolkata&format=rss,Indeed,search_rss,react native,kolkata,India,Frontend,Onsite/Hybrid,Any
Indeed - React Native in Ahmedabad,https://www.indeed.com/jobs?q=react+native&l=ahmedabad&format=rss,Indeed,search_rss,react native,ahmedabad,India,Frontend,Onsite/Hybrid,Any
Indeed - React Native in Kochi,https://www.indeed.com/jobs?q=react+native&l=kochi&format=rss,Indeed,search_rss,react native,kochi,India,Frontend,Onsite/Hybrid,Any
Indeed - React Native in Trivandrum,https://www.indeed.com/jobs?q=react+native&l=trivandrum&format=rss,Indeed,search_rss,react native,trivandrum,India,Frontend,Onsite/Hybrid,Any
Indeed - React Native in Usa,https://www.indeed.com/jobs?q=react+native&l=usa&format=rss,Indeed,search_rss,react native,usa,USA,Frontend,Onsite/Hybrid,Any
Indeed - React Native in Canada,https://www.indeed.com/jobs?q=react+native&l=canada&format=rss,Indeed,search_rss,react native,canada,Unknown,Frontend,Onsite/Hybrid,Any
Indeed - React Native in Uk,https://www.indeed.com/jobs?q=react+native&l=uk&format=rss,Indeed,search_rss,react native,uk,UK,Frontend,Onsite/Hybrid,Any
Indeed - React Native in Germany,https://www.indeed.com/jobs?q=react+native&l=germany&format=rss,Indeed,search_rss,react native,germany,Europe,Frontend,Onsite/Hybrid,Any
Indeed - React Native in Netherlands,https://www.indeed.com/jobs?q=react+native&l=netherlands&format=rss,Indeed,search_rss,react native,netherlands,Europe,Frontend,Onsite/Hybrid,Any
Indeed - React Native in Poland,https://www.indeed.com/jobs?q=react+native&l=poland&format=rss,Indeed,search_rss,react native,poland,Europe,Frontend,Onsite/Hybrid,Any
Indeed - React Native in Europe,https://www.indeed.com/jobs?q=react+native&l=europe&format=rss,Indeed,search_rss,react native,europe,Europe,Frontend,Onsite/Hybrid,Any
Indeed - React Native in Singapore,https://www.indeed.com/jobs?q=react+native&l=singapore&format=rss,Indeed,search_rss,react native,singapore,Unknown,Frontend,Onsite/Hybrid,Any
Indeed - Qa in Remote,https://www.indeed.com/jobs?q=qa&l=remote&format=rss,Indeed,search_rss,qa,remote,Global,QA,Remote,Any
Indeed - Qa in India,https://www.indeed.com/jobs?q=qa&l=india&format=rss,Indeed,search_rss,qa,india,India,QA,Onsite/Hybrid,Any
Indeed - Qa in Bangalore,https://www.indeed.com/jobs?q=qa&l=bangalore&format=rss,Indeed,search_rss,qa,bangalore,India,QA,Onsite/Hybrid,Any
Indeed - Qa in Hyderabad,https://www.indeed.com/jobs?q=qa&l=hyderabad&format=rss,Indeed,search_rss,qa,hyderabad,India,QA,Onsite/Hybrid,Any
Indeed - Qa in Pune,https://www.indeed.com/jobs?q=qa&l=pune&format=rss,Indeed,search_rss,qa,pune,India,QA,Onsite/Hybrid,Any
Indeed - Qa in Delhi,https://www.indeed.com/jobs?q=qa&l=delhi&format=rss,Indeed,search_rss,qa,delhi,India,QA,Onsite/Hybrid,Any
Indeed - Qa in Noida,https://www.indeed.com/jobs?q=qa&l=noida&format=rss,Indeed,search_rss,qa,noida,India,QA,Onsite/Hybrid,Any
Indeed - Qa in Gurgaon,https://www.indeed.com/jobs?q=qa&l=gurgaon&format=rss,Indeed,search_rss,qa,gurgaon,India,QA,Onsite/Hybrid,Any
Indeed - Qa in Mumbai,https://www.indeed.com/jobs?q=qa&l=mumbai&format=rss,Indeed,search_rss,qa,mumbai,India,QA,Onsite/Hybrid,Any
Indeed - Qa in Chennai,https://www.indeed.com/jobs?q=qa&l=chennai&format=rss,Indeed,search_rss,qa,chennai,India,QA,Onsite/Hybrid,Any
Indeed - Qa in Kolkata,https://www.indeed.com/jobs?q=qa&l=kolkata&format=rss,Indeed,search_rss,qa,kolkata,India,QA,Onsite/Hybrid,Any
Indeed - Qa in Ahmedabad,https://www.indeed.com/jobs?q=qa&l=ahmedabad&format=rss,Indeed,search_rss,qa,ahmedabad,India,QA,Onsite/Hybrid,Any
Indeed - Qa in Kochi,https://www.indeed.com/jobs?q=qa&l=kochi&format=rss,Indeed,search_rss,qa,kochi,India,QA,Onsite/Hybrid,Any
Indeed - Qa in Trivandrum,https://www.indeed.com/jobs?q=qa&l=trivandrum&format=rss,Indeed,search_rss,qa,trivandrum,India,QA,Onsite/Hybrid,Any
Indeed - Qa in Usa,https://www.indeed.com/jobs?q=qa&l=usa&format=rss,Indeed,search_rss,qa,usa,USA,QA,Onsite/Hybrid,Any
Indeed - Qa in Canada,https://www.indeed.com/jobs?q=qa&l=canada&format=rss,Indeed,search_rss,qa,canada,Unknown,QA,Onsite/Hybrid,Any
Indeed - Qa in Uk,https://www.indeed.com/jobs?q=qa&l=uk&format=rss,Indeed,search_rss,qa,uk,UK,QA,Onsite/Hybrid,Any
Indeed - Qa in Germany,https://www.indeed.com/jobs?q=qa&l=germany&format=rss,Indeed,search_rss,qa,germany,Europe,QA,Onsite/Hybrid,Any
Indeed - Qa in Netherlands,https://www.indeed.com/jobs?q=qa&l=netherlands&format=rss,Indeed,search_rss,qa,netherlands,Europe,QA,Onsite/Hybrid,Any
Indeed - Qa in Poland,https://www.indeed.com/jobs?q=qa&l=poland&format=rss,Indeed,search_rss,qa,poland,Europe,QA,Onsite/Hybrid,Any
Indeed - Qa in Europe,https://www.indeed.com/jobs?q=qa&l=europe&format=rss,Indeed,search_rss,qa,europe,Europe,QA,Onsite/Hybrid,Any
Indeed - Qa in Singapore,https://www.indeed.com/jobs?q=qa&l=singapore&format=rss,Indeed,search_rss,qa,singapore,Unknown,QA,Onsite/Hybrid,Any
Indeed - Automation Tester in Remote,https://www.indeed.com/jobs?q=automation+tester&l=remote&format=rss,Indeed,search_rss,automation tester,remote,Global,QA,Remote,Any
Indeed - Automation Tester in India,https://www.indeed.com/jobs?q=automation+tester&l=india&format=rss,Indeed,search_rss,automation tester,india,India,QA,Onsite/Hybrid,Any
Indeed - Automation Tester in Bangalore,https://www.indeed.com/jobs?q=automation+tester&l=bangalore&format=rss,Indeed,search_rss,automation tester,bangalore,India,QA,Onsite/Hybrid,Any
Indeed - Automation Tester in Hyderabad,https://www.indeed.com/jobs?q=automation+tester&l=hyderabad&format=rss,Indeed,search_rss,automation tester,hyderabad,India,QA,Onsite/Hybrid,Any
Indeed - Automation Tester in Pune,https://www.indeed.com/jobs?q=automation+tester&l=pune&format=rss,Indeed,search_rss,automation tester,pune,India,QA,Onsite/Hybrid,Any
Indeed - Automation Tester in Delhi,https://www.indeed.com/jobs?q=automation+tester&l=delhi&format=rss,Indeed,search_rss,automation tester,delhi,India,QA,Onsite/Hybrid,Any
Indeed - Automation Tester in Noida,https://www.indeed.com/jobs?q=automation+tester&l=noida&format=rss,Indeed,search_rss,automation tester,noida,India,QA,Onsite/Hybrid,Any
Indeed - Automation Tester in Gurgaon,https://www.indeed.com/jobs?q=automation+tester&l=gurgaon&format=rss,Indeed,search_rss,automation tester,gurgaon,India,QA,Onsite/Hybrid,Any
Indeed - Automation Tester in Mumbai,https://www.indeed.com/jobs?q=automation+tester&l=mumbai&format=rss,Indeed,search_rss,automation tester,mumbai,India,QA,Onsite/Hybrid,Any
Indeed - Automation Tester in Chennai,https://www.indeed.com/jobs?q=automation+tester&l=chennai&format=rss,Indeed,search_rss,automation tester,chennai,India,QA,Onsite/Hybrid,Any
Indeed - Automation Tester in Kolkata,https://www.indeed.com/jobs?q=automation+tester&l=kolkata&format=rss,Indeed,search_rss,automation tester,kolkata,India,QA,Onsite/Hybrid,Any
Indeed - Automation Tester in Ahmedabad,https://www.indeed.com/jobs?q=automation+tester&l=ahmedabad&format=rss,Indeed,search_rss,automation tester,ahmedabad,India,QA,Onsite/Hybrid,Any
Indeed - Automation Tester in Kochi,https://www.indeed.com/jobs?q=automation+tester&l=kochi&format=rss,Indeed,search_rss,automation tester,kochi,India,QA,Onsite/Hybrid,Any
Indeed - Automation Tester in Trivandrum,https://www.indeed.com/jobs?q=automation+tester&l=trivandrum&format=rss,Indeed,search_rss,automation tester,trivandrum,India,QA,Onsite/Hybrid,Any
Indeed - Automation Tester in Usa,https://www.indeed.com/jobs?q=automation+tester&l=usa&format=rss,Indeed,search_rss,automation tester,usa,USA,QA,Onsite/Hybrid,Any
Indeed - Automation Tester in Canada,https://www.indeed.com/jobs?q=automation+tester&l=canada&format=rss,Indeed,search_rss,automation tester,canada,Unknown,QA,Onsite/Hybrid,Any
Indeed - Automation Tester in Uk,https://www.indeed.com/jobs?q=automation+tester&l=uk&format=rss,Indeed,search_rss,automation tester,uk,UK,QA,Onsite/Hybrid,Any
Indeed - Automation Tester in Germany,https://www.indeed.com/jobs?q=automation+tester&l=germany&format=rss,Indeed,search_rss,automation tester,germany,Europe,QA,Onsite/Hybrid,Any
Indeed - Automation Tester in Netherlands,https://www.indeed.com/jobs?q=automation+tester&l=netherlands&format=rss,Indeed,search_rss,automation tester,netherlands,Europe,QA,Onsite/Hybrid,Any
Indeed - Automation Tester in Poland,https://www.indeed.com/jobs?q=automation+tester&l=poland&format=rss,Indeed,search_rss,automation tester,poland,Europe,QA,Onsite/Hybrid,Any
Indeed - Automation Tester in Europe,https://www.indeed.com/jobs?q=automation+tester&l=europe&format=rss,Indeed,search_rss,automation tester,europe,Europe,QA,Onsite/Hybrid,Any
Indeed - Automation Tester in Singapore,https://www.indeed.com/jobs?q=automation+tester&l=singapore&format=rss,Indeed,search_rss,automation tester,singapore,Unknown,QA,Onsite/Hybrid,Any
Indeed - Selenium in Remote,https://www.indeed.com/jobs?q=selenium&l=remote&format=rss,Indeed,search_rss,selenium,remote,Global,QA,Remote,Any
Indeed - Selenium in India,https://www.indeed.com/jobs?q=selenium&l=india&format=rss,Indeed,search_rss,selenium,india,India,QA,Onsite/Hybrid,Any
Indeed - Selenium in Bangalore,https://www.indeed.com/jobs?q=selenium&l=bangalore&format=rss,Indeed,search_rss,selenium,bangalore,India,QA,Onsite/Hybrid,Any
Indeed - Selenium in Hyderabad,https://www.indeed.com/jobs?q=selenium&l=hyderabad&format=rss,Indeed,search_rss,selenium,hyderabad,India,QA,Onsite/Hybrid,Any
Indeed - Selenium in Pune,https://www.indeed.com/jobs?q=selenium&l=pune&format=rss,Indeed,search_rss,selenium,pune,India,QA,Onsite/Hybrid,Any
Indeed - Selenium in Delhi,https://www.indeed.com/jobs?q=selenium&l=delhi&format=rss,Indeed,search_rss,selenium,delhi,India,QA,Onsite/Hybrid,Any
Indeed - Selenium in Noida,https://www.indeed.com/jobs?q=selenium&l=noida&format=rss,Indeed,search_rss,selenium,noida,India,QA,Onsite/Hybrid,Any
Indeed - Selenium in Gurgaon,https://www.indeed.com/jobs?q=selenium&l=gurgaon&format=rss,Indeed,search_rss,selenium,gurgaon,India,QA,Onsite/Hybrid,Any
Indeed - Selenium in Mumbai,https://www.indeed.com/jobs?q=selenium&l=mumbai&format=rss,Indeed,search_rss,selenium,mumbai,India,QA,Onsite/Hybrid,Any
Indeed - Selenium in Chennai,https://www.indeed.com/jobs?q=selenium&l=chennai&format=rss,Indeed,search_rss,selenium,chennai,India,QA,Onsite/Hybrid,Any
Indeed - Selenium in Kolkata,https://www.indeed.com/jobs?q=selenium&l=kolkata&format=rss,Indeed,search_rss,selenium,kolkata,India,QA,Onsite/Hybrid,Any
Indeed - Selenium in Ahmedabad,https://www.indeed.com/jobs?q=selenium&l=ahmedabad&format=rss,Indeed,search_rss,selenium,ahmedabad,India,QA,Onsite/Hybrid,Any
Indeed - Selenium in Kochi,https://www.indeed.com/jobs?q=selenium&l=kochi&format=rss,Indeed,search_rss,selenium,kochi,India,QA,Onsite/Hybrid,Any
Indeed - Selenium in Trivandrum,https://www.indeed.com/jobs?q=selenium&l=trivandrum&format=rss,Indeed,search_rss,selenium,trivandrum,India,QA,Onsite/Hybrid,Any
Indeed - Selenium in Usa,https://www.indeed.com/jobs?q=selenium&l=usa&format=rss,Indeed,search_rss,selenium,usa,USA,QA,Onsite/Hybrid,Any
Indeed - Selenium in Canada,https://www.indeed.com/jobs?q=selenium&l=canada&format=rss,Indeed,search_rss,selenium,canada,Unknown,QA,Onsite/Hybrid,Any
Indeed - Selenium in Uk,https://www.indeed.com/jobs?q=selenium&l=uk&format=rss,Indeed,search_rss,selenium,uk,UK,QA,Onsite/Hybrid,Any
Indeed - Selenium in Germany,https://www.indeed.com/jobs?q=selenium&l=germany&format=rss,Indeed,search_rss,selenium,germany,Europe,QA,Onsite/Hybrid,Any
Indeed - Selenium in Netherlands,https://www.indeed.com/jobs?q=selenium&l=netherlands&format=rss,Indeed,search_rss,selenium,netherlands,Europe,QA,Onsite/Hybrid,Any
Indeed - Selenium in Poland,https://www.indeed.com/jobs?q=selenium&l=poland&format=rss,Indeed,search_rss,selenium,poland,Europe,QA,Onsite/Hybrid,Any
Indeed - Selenium in Europe,https://www.indeed.com/jobs?q=selenium&l=europe&format=rss,Indeed,search_rss,selenium,europe,Europe,QA,Onsite/Hybrid,Any
Indeed - Selenium in Singapore,https://www.indeed.com/jobs?q=selenium&l=singapore&format=rss,Indeed,search_rss,selenium,singapore,Unknown,QA,Onsite/Hybrid,Any
Indeed - Cyber Security in Remote,https://www.indeed.com/jobs?q=cyber+security&l=remote&format=rss,Indeed,search_rss,cyber security,remote,Global,General,Remote,Any
Indeed - Cyber Security in India,https://www.indeed.com/jobs?q=cyber+security&l=india&format=rss,Indeed,search_rss,cyber security,india,India,General,Onsite/Hybrid,Any
Indeed - Cyber Security in Bangalore,https://www.indeed.com/jobs?q=cyber+security&l=bangalore&format=rss,Indeed,search_rss,cyber security,bangalore,India,General,Onsite/Hybrid,Any
Indeed - Cyber Security in Hyderabad,https://www.indeed.com/jobs?q=cyber+security&l=hyderabad&format=rss,Indeed,search_rss,cyber security,hyderabad,India,General,Onsite/Hybrid,Any
Indeed - Cyber Security in Pune,https://www.indeed.com/jobs?q=cyber+security&l=pune&format=rss,Indeed,search_rss,cyber security,pune,India,General,Onsite/Hybrid,Any
Indeed - Cyber Security in Delhi,https://www.indeed.com/jobs?q=cyber+security&l=delhi&format=rss,Indeed,search_rss,cyber security,delhi,India,General,Onsite/Hybrid,Any
Indeed - Cyber Security in Noida,https://www.indeed.com/jobs?q=cyber+security&l=noida&format=rss,Indeed,search_rss,cyber security,noida,India,General,Onsite/Hybrid,Any
Indeed - Cyber Security in Gurgaon,https://www.indeed.com/jobs?q=cyber+security&l=gurgaon&format=rss,Indeed,search_rss,cyber security,gurgaon,India,General,Onsite/Hybrid,Any
Indeed - Cyber Security in Mumbai,https://www.indeed.com/jobs?q=cyber+security&l=mumbai&format=rss,Indeed,search_rss,cyber security,mumbai,India,General,Onsite/Hybrid,Any
Indeed - Cyber Security in Chennai,https://www.indeed.com/jobs?q=cyber+security&l=chennai&format=rss,Indeed,search_rss,cyber security,chennai,India,General,Onsite/Hybrid,Any
Indeed - Cyber Security in Kolkata,https://www.indeed.com/jobs?q=cyber+security&l=kolkata&format=rss,Indeed,search_rss,cyber security,kolkata,India,General,Onsite/Hybrid,Any
Indeed - Cyber Security in Ahmedabad,https://www.indeed.com/jobs?q=cyber+security&l=ahmedabad&format=rss,Indeed,search_rss,cyber security,ahmedabad,India,General,Onsite/Hybrid,Any
Indeed - Cyber Security in Kochi,https://www.indeed.com/jobs?q=cyber+security&l=kochi&format=rss,Indeed,search_rss,cyber security,kochi,India,General,Onsite/Hybrid,Any
Indeed - Cyber Security in Trivandrum,https://www.indeed.com/jobs?q=cyber+security&l=trivandrum&format=rss,Indeed,search_rss,cyber security,trivandrum,India,General,Onsite/Hybrid,Any
Indeed - Cyber Security in Usa,https://www.indeed.com/jobs?q=cyber+security&l=usa&format=rss,Indeed,search_rss,cyber security,usa,USA,General,Onsite/Hybrid,Any
Indeed - Cyber Security in Canada,https://www.indeed.com/jobs?q=cyber+security&l=canada&format=rss,Indeed,search_rss,cyber security,canada,Unknown,General,Onsite/Hybrid,Any
Indeed - Cyber Security in Uk,https://www.indeed.com/jobs?q=cyber+security&l=uk&format=rss,Indeed,search_rss,cyber security,uk,UK,General,Onsite/Hybrid,Any
Indeed - Cyber Security in Germany,https://www.indeed.com/jobs?q=cyber+security&l=germany&format=rss,Indeed,search_rss,cyber security,germany,Europe,General,Onsite/Hybrid,Any
Indeed - Cyber Security in Netherlands,https://www.indeed.com/jobs?q=cyber+security&l=netherlands&format=rss,Indeed,search_rss,cyber security,netherlands,Europe,General,Onsite/Hybrid,Any
Indeed - Cyber Security in Poland,https://www.indeed.com/jobs?q=cyber+security&l=poland&format=rss,Indeed,search_rss,cyber security,poland,Europe,General,Onsite/Hybrid,Any
Indeed - Cyber Security in Europe,https://www.indeed.com/jobs?q=cyber+security&l=europe&format=rss,Indeed,search_rss,cyber security,europe,Europe,General,Onsite/Hybrid,Any
Indeed - Cyber Security in Singapore,https://www.indeed.com/jobs?q=cyber+security&l=singapore&format=rss,Indeed,search_rss,cyber security,singapore,Unknown,General,Onsite/Hybrid,Any
Indeed - Blockchain in Remote,https://www.indeed.com/jobs?q=blockchain&l=remote&format=rss,Indeed,search_rss,blockchain,remote,Global,Data/AI,Remote,Any
Indeed - Blockchain in India,https://www.indeed.com/jobs?q=blockchain&l=india&format=rss,Indeed,search_rss,blockchain,india,India,Data/AI,Onsite/Hybrid,Any
Indeed - Blockchain in Bangalore,https://www.indeed.com/jobs?q=blockchain&l=bangalore&format=rss,Indeed,search_rss,blockchain,bangalore,India,Data/AI,Onsite/Hybrid,Any
Indeed - Blockchain in Hyderabad,https://www.indeed.com/jobs?q=blockchain&l=hyderabad&format=rss,Indeed,search_rss,blockchain,hyderabad,India,Data/AI,Onsite/Hybrid,Any
Indeed - Blockchain in Pune,https://www.indeed.com/jobs?q=blockchain&l=pune&format=rss,Indeed,search_rss,blockchain,pune,India,Data/AI,Onsite/Hybrid,Any
Indeed - Blockchain in Delhi,https://www.indeed.com/jobs?q=blockchain&l=delhi&format=rss,Indeed,search_rss,blockchain,delhi,India,Data/AI,Onsite/Hybrid,Any
Indeed - Blockchain in Noida,https://www.indeed.com/jobs?q=blockchain&l=noida&format=rss,Indeed,search_rss,blockchain,noida,India,Data/AI,Onsite/Hybrid,Any
Indeed - Blockchain in Gurgaon,https://www.indeed.com/jobs?q=blockchain&l=gurgaon&format=rss,Indeed,search_rss,blockchain,gurgaon,India,Data/AI,Onsite/Hybrid,Any
Indeed - Blockchain in Mumbai,https://www.indeed.com/jobs?q=blockchain&l=mumbai&format=rss,Indeed,search_rss,blockchain,mumbai,India,Data/AI,Onsite/Hybrid,Any
Indeed - Blockchain in Chennai,https://www.indeed.com/jobs?q=blockchain&l=chennai&format=rss,Indeed,search_rss,blockchain,chennai,India,Data/AI,Onsite/Hybrid,Any
Indeed - Blockchain in Kolkata,https://www.indeed.com/jobs?q=blockchain&l=kolkata&format=rss,Indeed,search_rss,blockchain,kolkata,India,Data/AI,Onsite/Hybrid,Any
Indeed - Blockchain in Ahmedabad,https://www.indeed.com/jobs?q=blockchain&l=ahmedabad&format=rss,Indeed,search_rss,blockchain,ahmedabad,India,Data/AI,Onsite/Hybrid,Any
Indeed - Blockchain in Kochi,https://www.indeed.com/jobs?q=blockchain&l=kochi&format=rss,Indeed,search_rss,blockchain,kochi,India,Data/AI,Onsite/Hybrid,Any
Indeed - Blockchain in Trivandrum,https://www.indeed.com/jobs?q=blockchain&l=trivandrum&format=rss,Indeed,search_rss,blockchain,trivandrum,India,Data/AI,Onsite/Hybrid,Any
Indeed - Blockchain in Usa,https://www.indeed.com/jobs?q=blockchain&l=usa&format=rss,Indeed,search_rss,blockchain,usa,USA,Data/AI,Onsite/Hybrid,Any
Indeed - Blockchain in Canada,https://www.indeed.com/jobs?q=blockchain&l=canada&format=rss,Indeed,search_rss,blockchain,canada,Unknown,Data/AI,Onsite/Hybrid,Any
Indeed - Blockchain in Uk,https://www.indeed.com/jobs?q=blockchain&l=uk&format=rss,Indeed,search_rss,blockchain,uk,UK,Data/AI,Onsite/Hybrid,Any
Indeed - Blockchain in Germany,https://www.indeed.com/jobs?q=blockchain&l=germany&format=rss,Indeed,search_rss,blockchain,germany,Europe,Data/AI,Onsite/Hybrid,Any
Indeed - Blockchain in Netherlands,https://www.indeed.com/jobs?q=blockchain&l=netherlands&format=rss,Indeed,search_rss,blockchain,netherlands,Europe,Data/AI,Onsite/Hybrid,Any
Indeed - Blockchain in Poland,https://www.indeed.com/jobs?q=blockchain&l=poland&format=rss,Indeed,search_rss,blockchain,poland,Europe,Data/AI,Onsite/Hybrid,Any
Indeed - Blockchain in Europe,https://www.indeed.com/jobs?q=blockchain&l=europe&format=rss,Indeed,search_rss,blockchain,europe,Europe,Data/AI,Onsite/Hybrid,Any
Indeed - Blockchain in Singapore,https://www.indeed.com/jobs?q=blockchain&l=singapore&format=rss,Indeed,search_rss,blockchain,singapore,Unknown,Data/AI,Onsite/Hybrid,Any
Indeed - Web3 in Remote,https://www.indeed.com/jobs?q=web3&l=remote&format=rss,Indeed,search_rss,web3,remote,Global,General,Remote,Any
Indeed - Web3 in India,https://www.indeed.com/jobs?q=web3&l=india&format=rss,Indeed,search_rss,web3,india,India,General,Onsite/Hybrid,Any
Indeed - Web3 in Bangalore,https://www.indeed.com/jobs?q=web3&l=bangalore&format=rss,Indeed,search_rss,web3,bangalore,India,General,Onsite/Hybrid,Any
Indeed - Web3 in Hyderabad,https://www.indeed.com/jobs?q=web3&l=hyderabad&format=rss,Indeed,search_rss,web3,hyderabad,India,General,Onsite/Hybrid,Any
Indeed - Web3 in Pune,https://www.indeed.com/jobs?q=web3&l=pune&format=rss,Indeed,search_rss,web3,pune,India,General,Onsite/Hybrid,Any
Indeed - Web3 in Delhi,https://www.indeed.com/jobs?q=web3&l=delhi&format=rss,Indeed,search_rss,web3,delhi,India,General,Onsite/Hybrid,Any
Indeed - Web3 in Noida,https://www.indeed.com/jobs?q=web3&l=noida&format=rss,Indeed,search_rss,web3,noida,India,General,Onsite/Hybrid,Any
Indeed - Web3 in Gurgaon,https://www.indeed.com/jobs?q=web3&l=gurgaon&format=rss,Indeed,search_rss,web3,gurgaon,India,General,Onsite/Hybrid,Any
Indeed - Web3 in Mumbai,https://www.indeed.com/jobs?q=web3&l=mumbai&format=rss,Indeed,search_rss,web3,mumbai,India,General,Onsite/Hybrid,Any
Indeed - Web3 in Chennai,https://www.indeed.com/jobs?q=web3&l=chennai&format=rss,Indeed,search_rss,web3,chennai,India,General,Onsite/Hybrid,Any
Indeed - Web3 in Kolkata,https://www.indeed.com/jobs?q=web3&l=kolkata&format=rss,Indeed,search_rss,web3,kolkata,India,General,Onsite/Hybrid,Any
Indeed - Web3 in Ahmedabad,https://www.indeed.com/jobs?q=web3&l=ahmedabad&format=rss,Indeed,search_rss,web3,ahmedabad,India,General,Onsite/Hybrid,Any
Indeed - Web3 in Kochi,https://www.indeed.com/jobs?q=web3&l=kochi&format=rss,Indeed,search_rss,web3,kochi,India,General,Onsite/Hybrid,Any
Indeed - Web3 in Trivandrum,https://www.indeed.com/jobs?q=web3&l=trivandrum&format=rss,Indeed,search_rss,web3,trivandrum,India,General,Onsite/Hybrid,Any
Indeed - Web3 in Usa,https://www.indeed.com/jobs?q=web3&l=usa&format=rss,Indeed,search_rss,web3,usa,USA,General,Onsite/Hybrid,Any
Indeed - Web3 in Canada,https://www.indeed.com/jobs?q=web3&l=canada&format=rss,Indeed,search_rss,web3,canada,Unknown,General,Onsite/Hybrid,Any
Indeed - Web3 in Uk,https://www.indeed.com/jobs?q=web3&l=uk&format=rss,Indeed,search_rss,web3,uk,UK,General,Onsite/Hybrid,Any
Indeed - Web3 in Germany,https://www.indeed.com/jobs?q=web3&l=germany&format=rss,Indeed,search_rss,web3,germany,Europe,General,Onsite/Hybrid,Any
Indeed - Web3 in Netherlands,https://www.indeed.com/jobs?q=web3&l=netherlands&format=rss,Indeed,search_rss,web3,netherlands,Europe,General,Onsite/Hybrid,Any
Indeed - Web3 in Poland,https://www.indeed.com/jobs?q=web3&l=poland&format=rss,Indeed,search_rss,web3,poland,Europe,General,Onsite/Hybrid,Any
Indeed - Web3 in Europe,https://www.indeed.com/jobs?q=web3&l=europe&format=rss,Indeed,search_rss,web3,europe,Europe,General,Onsite/Hybrid,Any
Indeed - Web3 in Singapore,https://www.indeed.com/jobs?q=web3&l=singapore&format=rss,Indeed,search_rss,web3,singapore,Unknown,General,Onsite/Hybrid,Any
Indeed - Solidity in Remote,https://www.indeed.com/jobs?q=solidity&l=remote&format=rss,Indeed,search_rss,solidity,remote,Global,General,Remote,Any
Indeed - Solidity in India,https://www.indeed.com/jobs?q=solidity&l=india&format=rss,Indeed,search_rss,solidity,india,India,General,Onsite/Hybrid,Any
Indeed - Solidity in Bangalore,https://www.indeed.com/jobs?q=solidity&l=bangalore&format=rss,Indeed,search_rss,solidity,bangalore,India,General,Onsite/Hybrid,Any
Indeed - Solidity in Hyderabad,https://www.indeed.com/jobs?q=solidity&l=hyderabad&format=rss,Indeed,search_rss,solidity,hyderabad,India,General,Onsite/Hybrid,Any
Indeed - Solidity in Pune,https://www.indeed.com/jobs?q=solidity&l=pune&format=rss,Indeed,search_rss,solidity,pune,India,General,Onsite/Hybrid,Any
Indeed - Solidity in Delhi,https://www.indeed.com/jobs?q=solidity&l=delhi&format=rss,Indeed,search_rss,solidity,delhi,India,General,Onsite/Hybrid,Any
Indeed - Solidity in Noida,https://www.indeed.com/jobs?q=solidity&l=noida&format=rss,Indeed,search_rss,solidity,noida,India,General,Onsite/Hybrid,Any
Indeed - Solidity in Gurgaon,https://www.indeed.com/jobs?q=solidity&l=gurgaon&format=rss,Indeed,search_rss,solidity,gurgaon,India,General,Onsite/Hybrid,Any
Indeed - Solidity in Mumbai,https://www.indeed.com/jobs?q=solidity&l=mumbai&format=rss,Indeed,search_rss,solidity,mumbai,India,General,Onsite/Hybrid,Any
Indeed - Solidity in Chennai,https://www.indeed.com/jobs?q=solidity&l=chennai&format=rss,Indeed,search_rss,solidity,chennai,India,General,Onsite/Hybrid,Any
Indeed - Solidity in Kolkata,https://www.indeed.com/jobs?q=solidity&l=kolkata&format=rss,Indeed,search_rss,solidity,kolkata,India,General,Onsite/Hybrid,Any
Indeed - Solidity in Ahmedabad,https://www.indeed.com/jobs?q=solidity&l=ahmedabad&format=rss,Indeed,search_rss,solidity,ahmedabad,India,General,Onsite/Hybrid,Any
Indeed - Solidity in Kochi,https://www.indeed.com/jobs?q=solidity&l=kochi&format=rss,Indeed,search_rss,solidity,kochi,India,General,Onsite/Hybrid,Any
Indeed - Solidity in Trivandrum,https://www.indeed.com/jobs?q=solidity&l=trivandrum&format=rss,Indeed,search_rss,solidity,trivandrum,India,General,Onsite/Hybrid,Any
Indeed - Solidity in Usa,https://www.indeed.com/jobs?q=solidity&l=usa&format=rss,Indeed,search_rss,solidity,usa,USA,General,Onsite/Hybrid,Any
Indeed - Solidity in Canada,https://www.indeed.com/jobs?q=solidity&l=canada&format=rss,Indeed,search_rss,solidity,canada,Unknown,General,Onsite/Hybrid,Any
Indeed - Solidity in Uk,https://www.indeed.com/jobs?q=solidity&l=uk&format=rss,Indeed,search_rss,solidity,uk,UK,General,Onsite/Hybrid,Any
Indeed - Solidity in Germany,https://www.indeed.com/jobs?q=solidity&l=germany&format=rss,Indeed,search_rss,solidity,germany,Europe,General,Onsite/Hybrid,Any
Indeed - Solidity in Netherlands,https://www.indeed.com/jobs?q=solidity&l=netherlands&format=rss,Indeed,search_rss,solidity,netherlands,Europe,General,Onsite/Hybrid,Any
Indeed - Solidity in Poland,https://www.indeed.com/jobs?q=solidity&l=poland&format=rss,Indeed,search_rss,solidity,poland,Europe,General,Onsite/Hybrid,Any
Indeed - Solidity in Europe,https://www.indeed.com/jobs?q=solidity&l=europe&format=rss,Indeed,search_rss,solidity,europe,Europe,General,Onsite/Hybrid,Any
Indeed - Solidity in Singapore,https://www.indeed.com/jobs?q=solidity&l=singapore&format=rss,Indeed,search_rss,solidity,singapore,Unknown,General,Onsite/Hybrid,Any
Indeed - Product Manager in Remote,https://www.indeed.com/jobs?q=product+manager&l=remote&format=rss,Indeed,search_rss,product manager,remote,Global,Product,Remote,Any
Indeed - Product Manager in India,https://www.indeed.com/jobs?q=product+manager&l=india&format=rss,Indeed,search_rss,product manager,india,India,Product,Onsite/Hybrid,Any
Indeed - Product Manager in Bangalore,https://www.indeed.com/jobs?q=product+manager&l=bangalore&format=rss,Indeed,search_rss,product manager,bangalore,India,Product,Onsite/Hybrid,Any
Indeed - Product Manager in Hyderabad,https://www.indeed.com/jobs?q=product+manager&l=hyderabad&format=rss,Indeed,search_rss,product manager,hyderabad,India,Product,Onsite/Hybrid,Any
Indeed - Product Manager in Pune,https://www.indeed.com/jobs?q=product+manager&l=pune&format=rss,Indeed,search_rss,product manager,pune,India,Product,Onsite/Hybrid,Any
Indeed - Product Manager in Delhi,https://www.indeed.com/jobs?q=product+manager&l=delhi&format=rss,Indeed,search_rss,product manager,delhi,India,Product,Onsite/Hybrid,Any
Indeed - Product Manager in Noida,https://www.indeed.com/jobs?q=product+manager&l=noida&format=rss,Indeed,search_rss,product manager,noida,India,Product,Onsite/Hybrid,Any
Indeed - Product Manager in Gurgaon,https://www.indeed.com/jobs?q=product+manager&l=gurgaon&format=rss,Indeed,search_rss,product manager,gurgaon,India,Product,Onsite/Hybrid,Any
Indeed - Product Manager in Mumbai,https://www.indeed.com/jobs?q=product+manager&l=mumbai&format=rss,Indeed,search_rss,product manager,mumbai,India,Product,Onsite/Hybrid,Any
Indeed - Product Manager in Chennai,https://www.indeed.com/jobs?q=product+manager&l=chennai&format=rss,Indeed,search_rss,product manager,chennai,India,Product,Onsite/Hybrid,Any
Indeed - Product Manager in Kolkata,https://www.indeed.com/jobs?q=product+manager&l=kolkata&format=rss,Indeed,search_rss,product manager,kolkata,India,Product,Onsite/Hybrid,Any
Indeed - Product Manager in Ahmedabad,https://www.indeed.com/jobs?q=product+manager&l=ahmedabad&format=rss,Indeed,search_rss,product manager,ahmedabad,India,Product,Onsite/Hybrid,Any
Indeed - Product Manager in Kochi,https://www.indeed.com/jobs?q=product+manager&l=kochi&format=rss,Indeed,search_rss,product manager,kochi,India,Product,Onsite/Hybrid,Any
Indeed - Product Manager in Trivandrum,https://www.indeed.com/jobs?q=product+manager&l=trivandrum&format=rss,Indeed,search_rss,product manager,trivandrum,India,Product,Onsite/Hybrid,Any
Indeed - Product Manager in Usa,https://www.indeed.com/jobs?q=product+manager&l=usa&format=rss,Indeed,search_rss,product manager,usa,USA,Product,Onsite/Hybrid,Any
Indeed - Product Manager in Canada,https://www.indeed.com/jobs?q=product+manager&l=canada&format=rss,Indeed,search_rss,product manager,canada,Unknown,Product,Onsite/Hybrid,Any
Indeed - Product Manager in Uk,https://www.indeed.com/jobs?q=product+manager&l=uk&format=rss,Indeed,search_rss,product manager,uk,UK,Product,Onsite/Hybrid,Any
Indeed - Product Manager in Germany,https://www.indeed.com/jobs?q=product+manager&l=germany&format=rss,Indeed,search_rss,product manager,germany,Europe,Product,Onsite/Hybrid,Any
Indeed - Product Manager in Netherlands,https://www.indeed.com/jobs?q=product+manager&l=netherlands&format=rss,Indeed,search_rss,product manager,netherlands,Europe,Product,Onsite/Hybrid,Any
Indeed - Product Manager in Poland,https://www.indeed.com/jobs?q=product+manager&l=poland&format=rss,Indeed,search_rss,product manager,poland,Europe,Product,Onsite/Hybrid,Any
Indeed - Product Manager in Europe,https://www.indeed.com/jobs?q=product+manager&l=europe&format=rss,Indeed,search_rss,product manager,europe,Europe,Product,Onsite/Hybrid,Any
Indeed - Product Manager in Singapore,https://www.indeed.com/jobs?q=product+manager&l=singapore&format=rss,Indeed,search_rss,product manager,singapore,Unknown,Product,Onsite/Hybrid,Any
Indeed - Ui Ux in Remote,https://www.indeed.com/jobs?q=ui+ux&l=remote&format=rss,Indeed,search_rss,ui ux,remote,Global,Design,Remote,Any
Indeed - Ui Ux in India,https://www.indeed.com/jobs?q=ui+ux&l=india&format=rss,Indeed,search_rss,ui ux,india,India,Design,Onsite/Hybrid,Any
Indeed - Ui Ux in Bangalore,https://www.indeed.com/jobs?q=ui+ux&l=bangalore&format=rss,Indeed,search_rss,ui ux,bangalore,India,Design,Onsite/Hybrid,Any
Indeed - Ui Ux in Hyderabad,https://www.indeed.com/jobs?q=ui+ux&l=hyderabad&format=rss,Indeed,search_rss,ui ux,hyderabad,India,Design,Onsite/Hybrid,Any
Indeed - Ui Ux in Pune,https://www.indeed.com/jobs?q=ui+ux&l=pune&format=rss,Indeed,search_rss,ui ux,pune,India,Design,Onsite/Hybrid,Any
Indeed - Ui Ux in Delhi,https://www.indeed.com/jobs?q=ui+ux&l=delhi&format=rss,Indeed,search_rss,ui ux,delhi,India,Design,Onsite/Hybrid,Any
Indeed - Ui Ux in Noida,https://www.indeed.com/jobs?q=ui+ux&l=noida&format=rss,Indeed,search_rss,ui ux,noida,India,Design,Onsite/Hybrid,Any
Indeed - Ui Ux in Gurgaon,https://www.indeed.com/jobs?q=ui+ux&l=gurgaon&format=rss,Indeed,search_rss,ui ux,gurgaon,India,Design,Onsite/Hybrid,Any
Indeed - Ui Ux in Mumbai,https://www.indeed.com/jobs?q=ui+ux&l=mumbai&format=rss,Indeed,search_rss,ui ux,mumbai,India,Design,Onsite/Hybrid,Any
Indeed - Ui Ux in Chennai,https://www.indeed.com/jobs?q=ui+ux&l=chennai&format=rss,Indeed,search_rss,ui ux,chennai,India,Design,Onsite/Hybrid,Any
Indeed - Ui Ux in Kolkata,https://www.indeed.com/jobs?q=ui+ux&l=kolkata&format=rss,Indeed,search_rss,ui ux,kolkata,India,Design,Onsite/Hybrid,Any
Indeed - Ui Ux in Ahmedabad,https://www.indeed.com/jobs?q=ui+ux&l=ahmedabad&format=rss,Indeed,search_rss,ui ux,ahmedabad,India,Design,Onsite/Hybrid,Any
Indeed - Ui Ux in Kochi,https://www.indeed.com/jobs?q=ui+ux&l=kochi&format=rss,Indeed,search_rss,ui ux,kochi,India,Design,Onsite/Hybrid,Any
Indeed - Ui Ux in Trivandrum,https://www.indeed.com/jobs?q=ui+ux&l=trivandrum&format=rss,Indeed,search_rss,ui ux,trivandrum,India,Design,Onsite/Hybrid,Any
Indeed - Ui Ux in Usa,https://www.indeed.com/jobs?q=ui+ux&l=usa&format=rss,Indeed,search_rss,ui ux,usa,USA,Design,Onsite/Hybrid,Any
Indeed - Ui Ux in Canada,https://www.indeed.com/jobs?q=ui+ux&l=canada&format=rss,Indeed,search_rss,ui ux,canada,Unknown,Design,Onsite/Hybrid,Any
Indeed - Ui Ux in Uk,https://www.indeed.com/jobs?q=ui+ux&l=uk&format=rss,Indeed,search_rss,ui ux,uk,UK,Design,Onsite/Hybrid,Any
Indeed - Ui Ux in Germany,https://www.indeed.com/jobs?q=ui+ux&l=germany&format=rss,Indeed,search_rss,ui ux,germany,Europe,Design,Onsite/Hybrid,Any
Indeed - Ui Ux in Netherlands,https://www.indeed.com/jobs?q=ui+ux&l=netherlands&format=rss,Indeed,search_rss,ui ux,netherlands,Europe,Design,Onsite/Hybrid,Any
Indeed - Ui Ux in Poland,https://www.indeed.com/jobs?q=ui+ux&l=poland&format=rss,Indeed,search_rss,ui ux,poland,Europe,Design,Onsite/Hybrid,Any
Indeed - Ui Ux in Europe,https://www.indeed.com/jobs?q=ui+ux&l=europe&format=rss,Indeed,search_rss,ui ux,europe,Europe,Design,Onsite/Hybrid,Any
Indeed - Ui Ux in Singapore,https://www.indeed.com/jobs?q=ui+ux&l=singapore&format=rss,Indeed,search_rss,ui ux,singapore,Unknown,Design,Onsite/Hybrid,Any
Indeed - Designer in Remote,https://www.indeed.com/jobs?q=designer&l=remote&format=rss,Indeed,search_rss,designer,remote,Global,Design,Remote,Any
Indeed - Designer in India,https://www.indeed.com/jobs?q=designer&l=india&format=rss,Indeed,search_rss,designer,india,India,Design,Onsite/Hybrid,Any
Indeed - Designer in Bangalore,https://www.indeed.com/jobs?q=designer&l=bangalore&format=rss,Indeed,search_rss,designer,bangalore,India,Design,Onsite/Hybrid,Any
Indeed - Designer in Hyderabad,https://www.indeed.com/jobs?q=designer&l=hyderabad&format=rss,Indeed,search_rss,designer,hyderabad,India,Design,Onsite/Hybrid,Any
Indeed - Designer in Pune,https://www.indeed.com/jobs?q=designer&l=pune&format=rss,Indeed,search_rss,designer,pune,India,Design,Onsite/Hybrid,Any
Indeed - Designer in Delhi,https://www.indeed.com/jobs?q=designer&l=delhi&format=rss,Indeed,search_rss,designer,delhi,India,Design,Onsite/Hybrid,Any
Indeed - Designer in Noida,https://www.indeed.com/jobs?q=designer&l=noida&format=rss,Indeed,search_rss,designer,noida,India,Design,Onsite/Hybrid,Any
Indeed - Designer in Gurgaon,https://www.indeed.com/jobs?q=designer&l=gurgaon&format=rss,Indeed,search_rss,designer,gurgaon,India,Design,Onsite/Hybrid,Any
Indeed - Designer in Mumbai,https://www.indeed.com/jobs?q=designer&l=mumbai&format=rss,Indeed,search_rss,designer,mumbai,India,Design,Onsite/Hybrid,Any
Indeed - Designer in Chennai,https://www.indeed.com/jobs?q=designer&l=chennai&format=rss,Indeed,search_rss,designer,chennai,India,Design,Onsite/Hybrid,Any
Indeed - Designer in Kolkata,https://www.indeed.com/jobs?q=designer&l=kolkata&format=rss,Indeed,search_rss,designer,kolkata,India,Design,Onsite/Hybrid,Any
Indeed - Designer in Ahmedabad,https://www.indeed.com/jobs?q=designer&l=ahmedabad&format=rss,Indeed,search_rss,designer,ahmedabad,India,Design,Onsite/Hybrid,Any
Indeed - Designer in Kochi,https://www.indeed.com/jobs?q=designer&l=kochi&format=rss,Indeed,search_rss,designer,kochi,India,Design,Onsite/Hybrid,Any
Indeed - Designer in Trivandrum,https://www.indeed.com/jobs?q=designer&l=trivandrum&format=rss,Indeed,search_rss,designer,trivandrum,India,Design,Onsite/Hybrid,Any
Indeed - Designer in Usa,https://www.indeed.com/jobs?q=designer&l=usa&format=rss,Indeed,search_rss,designer,usa,USA,Design,Onsite/Hybrid,Any
Indeed - Designer in Canada,https://www.indeed.com/jobs?q=designer&l=canada&format=rss,Indeed,search_rss,designer,canada,Unknown,Design,Onsite/Hybrid,Any
Indeed - Designer in Uk,https://www.indeed.com/jobs?q=designer&l=uk&format=rss,Indeed,search_rss,designer,uk,UK,Design,Onsite/Hybrid,Any
Indeed - Designer in Germany,https://www.indeed.com/jobs?q=designer&l=germany&format=rss,Indeed,search_rss,designer,germany,Europe,Design,Onsite/Hybrid,Any
Indeed - Designer in Netherlands,https://www.indeed.com/jobs?q=designer&l=netherlands&format=rss,Indeed,search_rss,designer,netherlands,Europe,Design,Onsite/Hybrid,Any
Indeed - Designer in Poland,https://www.indeed.com/jobs?q=designer&l=poland&format=rss,Indeed,search_rss,designer,poland,Europe,Design,Onsite/Hybrid,Any
Indeed - Designer in Europe,https://www.indeed.com/jobs?q=designer&l=europe&format=rss,Indeed,search_rss,designer,europe,Europe,Design,Onsite/Hybrid,Any
Indeed - Designer in Singapore,https://www.indeed.com/jobs?q=designer&l=singapore&format=rss,Indeed,search_rss,designer,singapore,Unknown,Design,Onsite/Hybrid,Any
Indeed - Startup in Remote,https://www.indeed.com/jobs?q=startup&l=remote&format=rss,Indeed,search_rss,startup,remote,Global,General,Remote,Any
Indeed - Startup in India,https://www.indeed.com/jobs?q=startup&l=india&format=rss,Indeed,search_rss,startup,india,India,General,Onsite/Hybrid,Any
Indeed - Startup in Bangalore,https://www.indeed.com/jobs?q=startup&l=bangalore&format=rss,Indeed,search_rss,startup,bangalore,India,General,Onsite/Hybrid,Any
Indeed - Startup in Hyderabad,https://www.indeed.com/jobs?q=startup&l=hyderabad&format=rss,Indeed,search_rss,startup,hyderabad,India,General,Onsite/Hybrid,Any
Indeed - Startup in Pune,https://www.indeed.com/jobs?q=startup&l=pune&format=rss,Indeed,search_rss,startup,pune,India,General,Onsite/Hybrid,Any
Indeed - Startup in Delhi,https://www.indeed.com/jobs?q=startup&l=delhi&format=rss,Indeed,search_rss,startup,delhi,India,General,Onsite/Hybrid,Any
Indeed - Startup in Noida,https://www.indeed.com/jobs?q=startup&l=noida&format=rss,Indeed,search_rss,startup,noida,India,General,Onsite/Hybrid,Any
Indeed - Startup in Gurgaon,https://www.indeed.com/jobs?q=startup&l=gurgaon&format=rss,Indeed,search_rss,startup,gurgaon,India,General,Onsite/Hybrid,Any
Indeed - Startup in Mumbai,https://www.indeed.com/jobs?q=startup&l=mumbai&format=rss,Indeed,search_rss,startup,mumbai,India,General,Onsite/Hybrid,Any
Indeed - Startup in Chennai,https://www.indeed.com/jobs?q=startup&l=chennai&format=rss,Indeed,search_rss,startup,chennai,India,General,Onsite/Hybrid,Any
Indeed - Startup in Kolkata,https://www.indeed.com/jobs?q=startup&l=kolkata&format=rss,Indeed,search_rss,startup,kolkata,India,General,Onsite/Hybrid,Any
Indeed - Startup in Ahmedabad,https://www.indeed.com/jobs?q=startup&l=ahmedabad&format=rss,Indeed,search_rss,startup,ahmedabad,India,General,Onsite/Hybrid,Any
Indeed - Startup in Kochi,https://www.indeed.com/jobs?q=startup&l=kochi&format=rss,Indeed,search_rss,startup,kochi,India,General,Onsite/Hybrid,Any
Indeed - Startup in Trivandrum,https://www.indeed.com/jobs?q=startup&l=trivandrum&format=rss,Indeed,search_rss,startup,trivandrum,India,General,Onsite/Hybrid,Any
Indeed - Startup in Usa,https://www.indeed.com/jobs?q=startup&l=usa&format=rss,Indeed,search_rss,startup,usa,USA,General,Onsite/Hybrid,Any
Indeed - Startup in Canada,https://www.indeed.com/jobs?q=startup&l=canada&format=rss,Indeed,search_rss,startup,canada,Unknown,General,Onsite/Hybrid,Any
Indeed - Startup in Uk,https://www.indeed.com/jobs?q=startup&l=uk&format=rss,Indeed,search_rss,startup,uk,UK,General,Onsite/Hybrid,Any
Indeed - Startup in Germany,https://www.indeed.com/jobs?q=startup&l=germany&format=rss,Indeed,search_rss,startup,germany,Europe,General,Onsite/Hybrid,Any
Indeed - Startup in Netherlands,https://www.indeed.com/jobs?q=startup&l=netherlands&format=rss,Indeed,search_rss,startup,netherlands,Europe,General,Onsite/Hybrid,Any
Indeed - Startup in Poland,https://www.indeed.com/jobs?q=startup&l=poland&format=rss,Indeed,search_rss,startup,poland,Europe,General,Onsite/Hybrid,Any
Indeed - Startup in Europe,https://www.indeed.com/jobs?q=startup&l=europe&format=rss,Indeed,search_rss,startup,europe,Europe,General,Onsite/Hybrid,Any
Indeed - Startup in Singapore,https://www.indeed.com/jobs?q=startup&l=singapore&format=rss,Indeed,search_rss,startup,singapore,Unknown,General,Onsite/Hybrid,Any
Indeed - Saas in Remote,https://www.indeed.com/jobs?q=saas&l=remote&format=rss,Indeed,search_rss,saas,remote,Global,General,Remote,Any
Indeed - Saas in India,https://www.indeed.com/jobs?q=saas&l=india&format=rss,Indeed,search_rss,saas,india,India,General,Onsite/Hybrid,Any
Indeed - Saas in Bangalore,https://www.indeed.com/jobs?q=saas&l=bangalore&format=rss,Indeed,search_rss,saas,bangalore,India,General,Onsite/Hybrid,Any
Indeed - Saas in Hyderabad,https://www.indeed.com/jobs?q=saas&l=hyderabad&format=rss,Indeed,search_rss,saas,hyderabad,India,General,Onsite/Hybrid,Any
Indeed - Saas in Pune,https://www.indeed.com/jobs?q=saas&l=pune&format=rss,Indeed,search_rss,saas,pune,India,General,Onsite/Hybrid,Any
Indeed - Saas in Delhi,https://www.indeed.com/jobs?q=saas&l=delhi&format=rss,Indeed,search_rss,saas,delhi,India,General,Onsite/Hybrid,Any
Indeed - Saas in Noida,https://www.indeed.com/jobs?q=saas&l=noida&format=rss,Indeed,search_rss,saas,noida,India,General,Onsite/Hybrid,Any
Indeed - Saas in Gurgaon,https://www.indeed.com/jobs?q=saas&l=gurgaon&format=rss,Indeed,search_rss,saas,gurgaon,India,General,Onsite/Hybrid,Any
Indeed - Saas in Mumbai,https://www.indeed.com/jobs?q=saas&l=mumbai&format=rss,Indeed,search_rss,saas,mumbai,India,General,Onsite/Hybrid,Any
Indeed - Saas in Chennai,https://www.indeed.com/jobs?q=saas&l=chennai&format=rss,Indeed,search_rss,saas,chennai,India,General,Onsite/Hybrid,Any
Indeed - Saas in Kolkata,https://www.indeed.com/jobs?q=saas&l=kolkata&format=rss,Indeed,search_rss,saas,kolkata,India,General,Onsite/Hybrid,Any
Indeed - Saas in Ahmedabad,https://www.indeed.com/jobs?q=saas&l=ahmedabad&format=rss,Indeed,search_rss,saas,ahmedabad,India,General,Onsite/Hybrid,Any
Indeed - Saas in Kochi,https://www.indeed.com/jobs?q=saas&l=kochi&format=rss,Indeed,search_rss,saas,kochi,India,General,Onsite/Hybrid,Any
Indeed - Saas in Trivandrum,https://www.indeed.com/jobs?q=saas&l=trivandrum&format=rss,Indeed,search_rss,saas,trivandrum,India,General,Onsite/Hybrid,Any
Indeed - Saas in Usa,https://www.indeed.com/jobs?q=saas&l=usa&format=rss,Indeed,search_rss,saas,usa,USA,General,Onsite/Hybrid,Any
Indeed - Saas in Canada,https://www.indeed.com/jobs?q=saas&l=canada&format=rss,Indeed,search_rss,saas,canada,Unknown,General,Onsite/Hybrid,Any
Indeed - Saas in Uk,https://www.indeed.com/jobs?q=saas&l=uk&format=rss,Indeed,search_rss,saas,uk,UK,General,Onsite/Hybrid,Any
Indeed - Saas in Germany,https://www.indeed.com/jobs?q=saas&l=germany&format=rss,Indeed,search_rss,saas,germany,Europe,General,Onsite/Hybrid,Any
Indeed - Saas in Netherlands,https://www.indeed.com/jobs?q=saas&l=netherlands&format=rss,Indeed,search_rss,saas,netherlands,Europe,General,Onsite/Hybrid,Any
Indeed - Saas in Poland,https://www.indeed.com/jobs?q=saas&l=poland&format=rss,Indeed,search_rss,saas,poland,Europe,General,Onsite/Hybrid,Any
Indeed - Saas in Europe,https://www.indeed.com/jobs?q=saas&l=europe&format=rss,Indeed,search_rss,saas,europe,Europe,General,Onsite/Hybrid,Any
Indeed - Saas in Singapore,https://www.indeed.com/jobs?q=saas&l=singapore&format=rss,Indeed,search_rss,saas,singapore,Unknown,General,Onsite/Hybrid,Any
Indeed - Remote in Remote,https://www.indeed.com/jobs?q=remote&l=remote&format=rss,Indeed,search_rss,remote,remote,Global,General,Remote,Any
Indeed - Remote in India,https://www.indeed.com/jobs?q=remote&l=india&format=rss,Indeed,search_rss,remote,india,India,General,Onsite/Hybrid,Any
Indeed - Remote in Bangalore,https://www.indeed.com/jobs?q=remote&l=bangalore&format=rss,Indeed,search_rss,remote,bangalore,India,General,Onsite/Hybrid,Any
Indeed - Remote in Hyderabad,https://www.indeed.com/jobs?q=remote&l=hyderabad&format=rss,Indeed,search_rss,remote,hyderabad,India,General,Onsite/Hybrid,Any
Indeed - Remote in Pune,https://www.indeed.com/jobs?q=remote&l=pune&format=rss,Indeed,search_rss,remote,pune,India,General,Onsite/Hybrid,Any
Indeed - Remote in Delhi,https://www.indeed.com/jobs?q=remote&l=delhi&format=rss,Indeed,search_rss,remote,delhi,India,General,Onsite/Hybrid,Any
Indeed - Remote in Noida,https://www.indeed.com/jobs?q=remote&l=noida&format=rss,Indeed,search_rss,remote,noida,India,General,Onsite/Hybrid,Any
Indeed - Remote in Gurgaon,https://www.indeed.com/jobs?q=remote&l=gurgaon&format=rss,Indeed,search_rss,remote,gurgaon,India,General,Onsite/Hybrid,Any
Indeed - Remote in Mumbai,https://www.indeed.com/jobs?q=remote&l=mumbai&format=rss,Indeed,search_rss,remote,mumbai,India,General,Onsite/Hybrid,Any
Indeed - Remote in Chennai,https://www.indeed.com/jobs?q=remote&l=chennai&format=rss,Indeed,search_rss,remote,chennai,India,General,Onsite/Hybrid,Any
Indeed - Remote in Kolkata,https://www.indeed.com/jobs?q=remote&l=kolkata&format=rss,Indeed,search_rss,remote,kolkata,India,General,Onsite/Hybrid,Any
Indeed - Remote in Ahmedabad,https://www.indeed.com/jobs?q=remote&l=ahmedabad&format=rss,Indeed,search_rss,remote,ahmedabad,India,General,Onsite/Hybrid,Any
Indeed - Remote in Kochi,https://www.indeed.com/jobs?q=remote&l=kochi&format=rss,Indeed,search_rss,remote,kochi,India,General,Onsite/Hybrid,Any
Indeed - Remote in Trivandrum,https://www.indeed.com/jobs?q=remote&l=trivandrum&format=rss,Indeed,search_rss,remote,trivandrum,India,General,Onsite/Hybrid,Any
Indeed - Remote in Usa,https://www.indeed.com/jobs?q=remote&l=usa&format=rss,Indeed,search_rss,remote,usa,USA,General,Onsite/Hybrid,Any
Indeed - Remote in Canada,https://www.indeed.com/jobs?q=remote&l=canada&format=rss,Indeed,search_rss,remote,canada,Unknown,General,Onsite/Hybrid,Any
Indeed - Remote in Uk,https://www.indeed.com/jobs?q=remote&l=uk&format=rss,Indeed,search_rss,remote,uk,UK,General,Onsite/Hybrid,Any
Indeed - Remote in Germany,https://www.indeed.com/jobs?q=remote&l=germany&format=rss,Indeed,search_rss,remote,germany,Europe,General,Onsite/Hybrid,Any
Indeed - Remote in Netherlands,https://www.indeed.com/jobs?q=remote&l=netherlands&format=rss,Indeed,search_rss,remote,netherlands,Europe,General,Onsite/Hybrid,Any
Indeed - Remote in Poland,https://www.indeed.com/jobs?q=remote&l=poland&format=rss,Indeed,search_rss,remote,poland,Europe,General,Onsite/Hybrid,Any
Indeed - Remote in Europe,https://www.indeed.com/jobs?q=remote&l=europe&format=rss,Indeed,search_rss,remote,europe,Europe,General,Onsite/Hybrid,Any
Indeed - Remote in Singapore,https://www.indeed.com/jobs?q=remote&l=singapore&format=rss,Indeed,search_rss,remote,singapore,Unknown,General,Onsite/Hybrid,Any
Indeed - Intern in Remote,https://www.indeed.com/jobs?q=intern&l=remote&format=rss,Indeed,search_rss,intern,remote,Global,General,Remote,Intern
Indeed - Intern in India,https://www.indeed.com/jobs?q=intern&l=india&format=rss,Indeed,search_rss,intern,india,India,General,Onsite/Hybrid,Intern
Indeed - Intern in Bangalore,https://www.indeed.com/jobs?q=intern&l=bangalore&format=rss,Indeed,search_rss,intern,bangalore,India,General,Onsite/Hybrid,Intern
Indeed - Intern in Hyderabad,https://www.indeed.com/jobs?q=intern&l=hyderabad&format=rss,Indeed,search_rss,intern,hyderabad,India,General,Onsite/Hybrid,Intern
Indeed - Intern in Pune,https://www.indeed.com/jobs?q=intern&l=pune&format=rss,Indeed,search_rss,intern,pune,India,General,Onsite/Hybrid,Intern
Indeed - Intern in Delhi,https://www.indeed.com/jobs?q=intern&l=delhi&format=rss,Indeed,search_rss,intern,delhi,India,General,Onsite/Hybrid,Intern
Indeed - Intern in Noida,https://www.indeed.com/jobs?q=intern&l=noida&format=rss,Indeed,search_rss,intern,noida,India,General,Onsite/Hybrid,Intern
Indeed - Intern in Gurgaon,https://www.indeed.com/jobs?q=intern&l=gurgaon&format=rss,Indeed,search_rss,intern,gurgaon,India,General,Onsite/Hybrid,Intern
Indeed - Intern in Mumbai,https://www.indeed.com/jobs?q=intern&l=mumbai&format=rss,Indeed,search_rss,intern,mumbai,India,General,Onsite/Hybrid,Intern
Indeed - Intern in Chennai,https://www.indeed.com/jobs?q=intern&l=chennai&format=rss,Indeed,search_rss,intern,chennai,India,General,Onsite/Hybrid,Intern
Indeed - Intern in Kolkata,https://www.indeed.com/jobs?q=intern&l=kolkata&format=rss,Indeed,search_rss,intern,kolkata,India,General,Onsite/Hybrid,Intern
Indeed - Intern in Ahmedabad,https://www.indeed.com/jobs?q=intern&l=ahmedabad&format=rss,Indeed,search_rss,intern,ahmedabad,India,General,Onsite/Hybrid,Intern
Indeed - Intern in Kochi,https://www.indeed.com/jobs?q=intern&l=kochi&format=rss,Indeed,search_rss,intern,kochi,India,General,Onsite/Hybrid,Intern
Indeed - Intern in Trivandrum,https://www.indeed.com/jobs?q=intern&l=trivandrum&format=rss,Indeed,search_rss,intern,trivandrum,India,General,Onsite/Hybrid,Intern
Indeed - Intern in Usa,https://www.indeed.com/jobs?q=intern&l=usa&format=rss,Indeed,search_rss,intern,usa,USA,General,Onsite/Hybrid,Intern
Indeed - Intern in Canada,https://www.indeed.com/jobs?q=intern&l=canada&format=rss,Indeed,search_rss,intern,canada,Unknown,General,Onsite/Hybrid,Intern
Indeed - Intern in Uk,https://www.indeed.com/jobs?q=intern&l=uk&format=rss,Indeed,search_rss,intern,uk,UK,General,Onsite/Hybrid,Intern
Indeed - Intern in Germany,https://www.indeed.com/jobs?q=intern&l=germany&format=rss,Indeed,search_rss,intern,germany,Europe,General,Onsite/Hybrid,Intern
Indeed - Intern in Netherlands,https://www.indeed.com/jobs?q=intern&l=netherlands&format=rss,Indeed,search_rss,intern,netherlands,Europe,General,Onsite/Hybrid,Intern
Indeed - Intern in Poland,https://www.indeed.com/jobs?q=intern&l=poland&format=rss,Indeed,search_rss,intern,poland,Europe,General,Onsite/Hybrid,Intern
Indeed - Intern in Europe,https://www.indeed.com/jobs?q=intern&l=europe&format=rss,Indeed,search_rss,intern,europe,Europe,General,Onsite/Hybrid,Intern
Indeed - Intern in Singapore,https://www.indeed.com/jobs?q=intern&l=singapore&format=rss,Indeed,search_rss,intern,singapore,Unknown,General,Onsite/Hybrid,Intern
Indeed - Fresher in Remote,https://www.indeed.com/jobs?q=fresher&l=remote&format=rss,Indeed,search_rss,fresher,remote,Global,General,Remote,Junior
Indeed - Fresher in India,https://www.indeed.com/jobs?q=fresher&l=india&format=rss,Indeed,search_rss,fresher,india,India,General,Onsite/Hybrid,Junior
Indeed - Fresher in Bangalore,https://www.indeed.com/jobs?q=fresher&l=bangalore&format=rss,Indeed,search_rss,fresher,bangalore,India,General,Onsite/Hybrid,Junior
Indeed - Fresher in Hyderabad,https://www.indeed.com/jobs?q=fresher&l=hyderabad&format=rss,Indeed,search_rss,fresher,hyderabad,India,General,Onsite/Hybrid,Junior
Indeed - Fresher in Pune,https://www.indeed.com/jobs?q=fresher&l=pune&format=rss,Indeed,search_rss,fresher,pune,India,General,Onsite/Hybrid,Junior
Indeed - Fresher in Delhi,https://www.indeed.com/jobs?q=fresher&l=delhi&format=rss,Indeed,search_rss,fresher,delhi,India,General,Onsite/Hybrid,Junior
Indeed - Fresher in Noida,https://www.indeed.com/jobs?q=fresher&l=noida&format=rss,Indeed,search_rss,fresher,noida,India,General,Onsite/Hybrid,Junior
Indeed - Fresher in Gurgaon,https://www.indeed.com/jobs?q=fresher&l=gurgaon&format=rss,Indeed,search_rss,fresher,gurgaon,India,General,Onsite/Hybrid,Junior
Indeed - Fresher in Mumbai,https://www.indeed.com/jobs?q=fresher&l=mumbai&format=rss,Indeed,search_rss,fresher,mumbai,India,General,Onsite/Hybrid,Junior
Indeed - Fresher in Chennai,https://www.indeed.com/jobs?q=fresher&l=chennai&format=rss,Indeed,search_rss,fresher,chennai,India,General,Onsite/Hybrid,Junior
Indeed - Fresher in Kolkata,https://www.indeed.com/jobs?q=fresher&l=kolkata&format=rss,Indeed,search_rss,fresher,kolkata,India,General,Onsite/Hybrid,Junior
Indeed - Fresher in Ahmedabad,https://www.indeed.com/jobs?q=fresher&l=ahmedabad&format=rss,Indeed,search_rss,fresher,ahmedabad,India,General,Onsite/Hybrid,Junior
Indeed - Fresher in Kochi,https://www.indeed.com/jobs?q=fresher&l=kochi&format=rss,Indeed,search_rss,fresher,kochi,India,General,Onsite/Hybrid,Junior
Indeed - Fresher in Trivandrum,https://www.indeed.com/jobs?q=fresher&l=trivandrum&format=rss,Indeed,search_rss,fresher,trivandrum,India,General,Onsite/Hybrid,Junior
Indeed - Fresher in Usa,https://www.indeed.com/jobs?q=fresher&l=usa&format=rss,Indeed,search_rss,fresher,usa,USA,General,Onsite/Hybrid,Junior
Indeed - Fresher in Canada,https://www.indeed.com/jobs?q=fresher&l=canada&format=rss,Indeed,search_rss,fresher,canada,Unknown,General,Onsite/Hybrid,Junior
Indeed - Fresher in Uk,https://www.indeed.com/jobs?q=fresher&l=uk&format=rss,Indeed,search_rss,fresher,uk,UK,General,Onsite/Hybrid,Junior
Indeed - Fresher in Germany,https://www.indeed.com/jobs?q=fresher&l=germany&format=rss,Indeed,search_rss,fresher,germany,Europe,General,Onsite/Hybrid,Junior
Indeed - Fresher in Netherlands,https://www.indeed.com/jobs?q=fresher&l=netherlands&format=rss,Indeed,search_rss,fresher,netherlands,Europe,General,Onsite/Hybrid,Junior
Indeed - Fresher in Poland,https://www.indeed.com/jobs?q=fresher&l=poland&format=rss,Indeed,search_rss,fresher,poland,Europe,General,Onsite/Hybrid,Junior
Indeed - Fresher in Europe,https://www.indeed.com/jobs?q=fresher&l=europe&format=rss,Indeed,search_rss,fresher,europe,Europe,General,Onsite/Hybrid,Junior
Indeed - Fresher in Singapore,https://www.indeed.com/jobs?q=fresher&l=singapore&format=rss,Indeed,search_rss,fresher,singapore,Unknown,General,Onsite/Hybrid,Junior
